Workbook

Sheet README
A1: Production_mining
A2: Production_refining
A3: Chartier_Poncelet

Sheet Production_mining
A1: Scenario | B1: Year | C1: Unit | D1: Cobalt | E1: Copper | F1: Graphite | G1: Lithium | H1: Neodymium | I1: Nickel
A2: Existing production | B2: 2020 | C2: t | D2: 3200 | E2: 530900 | F2: 8200 | G2: 0 | H2: 0 | I2: 154400
A3: Existing production | B3: 2021 | C3: t | D3: 3800 | E3: 488500 | F3: 4200 | G3: 200 | H3: 0 | I3: 138900
A4: Existing production | B4: 2022 | C4: t | D4: 2500 | E4: 460400 | F4: 13600 | G4: 3500 | H4: 0 | I4: 126600
A5: Existing production | B5: 2023 | C5: t | D5: 4800 | E5: 404000 | F5: 4200 | G5: 16700 | H5: 0 | I5: 186800
A6: Existing production | B6: 2024 | C6: t | D6: 3400 | E6: 478900 | F6: 6300 | G6: 39900 | H6: 0 | I6: 134600
A7: Existing production | B7: 2025 | C7: t | D7: 3500 | E7: 483900 | F7: 0 | G7: 37600 | H7: 0 | I7: 154600
A8: Existing production | B8: 2026 | C8: t | D8: 3500 | E8: 475600 | F8: 0 | G8: 40000 | H8: 0 | I8: 158500
A9: Existing production | B9: 2027 | C9: t | D9: 4200 | E9: 495000 | F9: 0 | G9: 41700 | H9: 0 | I9: 158500
A10: Existing production | B10: 2028 | C10: t | D10: 4200 | E10: 461100 | F10: 0 | G10: 40300 | H10: 0 | I10: 154800
A11: Existing production | B11: 2029 | C11: t | D11: 3900 | E11: 348300 | F11: 0 | G11: 37900 | H11: 0 | I11: 152100
A12: Existing production | B12: 2030 | C12: t | D12: 3900 | E12: 331700 | F12: 0 | G12: 39000 | H12: 0 | I12: 150200
A13: Existing production | B13: 2031 | C13: t | D13: 3700 | E13: 311100 | F13: 0 | G13: 38200 | H13: 0 | I13: 139300
... A43: Production potential | B43: 2040 | C43: t | D43: 31300 | E43: 1300000 | F43: 400000 | G43: 658300 | H43: 400 | I43: 319100

Sheet Production_refining
A1: Scenario | B1: Year | C1: Unit | D1: Cobalt | E1: Copper | F1: Graphite | G1: Lithium | H1: Neodymium | I1: Nickel
A2: Existing production | B2: 2020 | C2: t | D2: =Production_mining!D2*Chartier_Poncelet!$D$12 -> 1405.909 | E2: =Production_mining!E2*Chartier_Poncelet!$D$14 -> 443166.53 | F2: =Production_mining!F2 -> 8200 | G2: =Production_mining!G2*Chartier_Poncelet!$D$28 -> 0 | H2: =Production_mining!H2*Chartier_Poncelet!$D$34 -> 0 | I2: =Production_mining!I2*Chartier_Poncelet!$D$35 -> 121598.49
A3: Existing production | B3: 2021 | C3: t | D3: =Production_mining!D3*Chartier_Poncelet!$D$12 -> 1669.5169 | E3: =Production_mining!E3*Chartier_Poncelet!$D$14 -> 407773.31 | F3: =Production_mining!F3 -> 4200 | G3: =Production_mining!G3*Chartier_Poncelet!$D$28 -> 139.83409 | H3: =Production_mining!H3*Chartier_Poncelet!$D$34 -> 0 | I3: =Production_mining!I3*Chartier_Poncelet!$D$35 -> 109391.39
A4: Existing production | B4: 2022 | C4: t | D4: =Production_mining!D4*Chartier_Poncelet!$D$12 -> 1098.3664 | E4: =Production_mining!E4*Chartier_Poncelet!$D$14 -> 384316.95 | F4: =Production_mining!F4 -> 13600 | G4: =Production_mining!G4*Chartier_Poncelet!$D$28 -> 2447.0966 | H4: =Production_mining!H4*Chartier_Poncelet!$D$34 -> 0 | I4: =Production_mining!I4*Chartier_Poncelet!$D$35 -> 99704.463
A5: Existing production | B5: 2023 | C5: t | D5: =Production_mining!D5*Chartier_Poncelet!$D$12 -> 2108.8635 | E5: =Production_mining!E5*Chartier_Poncelet!$D$14 -> 337237.29 | F5: =Production_mining!F5 -> 4200 | G5: =Production_mining!G5*Chartier_Poncelet!$D$28 -> 11676.147 | H5: =Production_mining!H5*Chartier_Poncelet!$D$34 -> 0 | I5: =Production_mining!I5*Chartier_Poncelet!$D$35 -> 147115.27
A6: Existing production | B6: 2024 | C6: t | D6: =Production_mining!D6*Chartier_Poncelet!$D$12 -> 1493.7783 | E6: =Production_mining!E6*Chartier_Poncelet!$D$14 -> 399759.75 | F6: =Production_mining!F6 -> 6300 | G6: =Production_mining!G6*Chartier_Poncelet!$D$28 -> 27896.902 | H6: =Production_mining!H6*Chartier_Poncelet!$D$34 -> 0 | I6: =Production_mining!I6*Chartier_Poncelet!$D$35 -> 106004.9
A7: Existing production | B7: 2025 | C7: t | D7: =Production_mining!D7*Chartier_Poncelet!$D$12 -> 1537.713 | E7: =Production_mining!E7*Chartier_Poncelet!$D$14 -> 403933.47 | F7: =Production_mining!F7 -> 0 | G7: =Production_mining!G7*Chartier_Poncelet!$D$28 -> 26288.81 | H7: =Production_mining!H7*Chartier_Poncelet!$D$34 -> 0 | I7: =Production_mining!I7*Chartier_Poncelet!$D$35 -> 121756
A8: Existing production | B8: 2026 | C8: t | D8: =Production_mining!D8*Chartier_Poncelet!$D$12 -> 1537.713 | E8: =Production_mining!E8*Chartier_Poncelet!$D$14 -> 397005.08 | F8: =Production_mining!F8 -> 0 | G8: =Production_mining!G8*Chartier_Poncelet!$D$28 -> 27966.819 | H8: =Production_mining!H8*Chartier_Poncelet!$D$34 -> 0 | I8: =Production_mining!I8*Chartier_Poncelet!$D$35 -> 124827.47
A9: Existing production | B9: 2027 | C9: t | D9: =Production_mining!D9*Chartier_Poncelet!$D$12 -> 1845.2556 | E9: =Production_mining!E9*Chartier_Poncelet!$D$14 -> 413199.15 | F9: =Production_mining!F9 -> 0 | G9: =Production_mining!G9*Chartier_Poncelet!$D$28 -> 29155.409 | H9: =Production_mining!H9*Chartier_Poncelet!$D$34 -> 0 | I9: =Production_mining!I9*Chartier_Poncelet!$D$35 -> 124827.47
A10: Existing production | B10: 2028 | C10: t | D10: =Production_mining!D10*Chartier_Poncelet!$D$12 -> 1845.2556 | E10: =Production_mining!E10*Chartier_Poncelet!$D$14 -> 384901.27 | F10: =Production_mining!F10 -> 0 | G10: =Production_mining!G10*Chartier_Poncelet!$D$28 -> 28176.57 | H10: =Production_mining!H10*Chartier_Poncelet!$D$34 -> 0 | I10: =Production_mining!I10*Chartier_Poncelet!$D$35 -> 121913.51
A11: Existing production | B11: 2029 | C11: t | D11: =Production_mining!D11*Chartier_Poncelet!$D$12 -> 1713.4516 | E11: =Production_mining!E11*Chartier_Poncelet!$D$14 -> 290741.95 | F11: =Production_mining!F11 -> 0 | G11: =Production_mining!G11*Chartier_Poncelet!$D$28 -> 26498.561 | H11: =Production_mining!H11*Chartier_Poncelet!$D$34 -> 0 | I11: =Production_mining!I11*Chartier_Poncelet!$D$35 -> 119787.12
A12: Existing production | B12: 2030 | C12: t | D12: =Production_mining!D12*Chartier_Poncelet!$D$12 -> 1713.4516 | E12: =Production_mining!E12*Chartier_Poncelet!$D$14 -> 276885.17 | F12: =Production_mining!F12 -> 0 | G12: =Production_mining!G12*Chartier_Poncelet!$D$28 -> 27267.648 | H12: =Production_mining!H12*Chartier_Poncelet!$D$34 -> 0 | I12: =Production_mining!I12*Chartier_Poncelet!$D$35 -> 118290.76
A13: Existing production | B13: 2031 | C13: t | D13: =Production_mining!D13*Chartier_Poncelet!$D$12 -> 1625.5823 | E13: =Production_mining!E13*Chartier_Poncelet!$D$14 -> 259689.41 | F13: =Production_mining!F13 -> 0 | G13: =Production_mining!G13*Chartier_Poncelet!$D$28 -> 26708.312 | H13: =Production_mining!H13*Chartier_Poncelet!$D$34 -> 0 | I13: =Production_mining!I13*Chartier_Poncelet!$D$35 -> 109706.41
... A43: Production potential | B43: 2040 | C43: t | D43: =Production_mining!D43*Chartier_Poncelet!$D$12 -> 13751.548 | E43: =Production_mining!E43*Chartier_Poncelet!$D$14 -> 1085169.5 | F43: =Production_mining!F43 -> 400000 | G43: =Production_mining!G43*Chartier_Poncelet!$D$28 -> 460263.92 | H43: =Production_mining!H43*Chartier_Poncelet!$D$34 -> 239.41757 | I43: =Production_mining!I43*Chartier_Poncelet!$D$35 -> 251308.8

Sheet Chartier_Poncelet
A1: Z | B1: Symbol | C1: Mineral | D1: production yield | E1: comment | F1: U1 | G1: U2 | H1: U3 | I1: U4 | J1: U5 | K1: GSD^2 | L1: GSD | M1: α | N1: β | O1: uncertainty string | P1: fabrication and manufacturing yield | Q1: comment | R1: U1 | S1: U2 | T1: U3 | U1: U4 | V1: U5 | W1: GSD^2 | X1: GSD | Y1: α | Z1: β | AA1: uncertainty string | AB1: New scrap recovery | AC1: comment | AD1: U1 | AE1: U2 | AF1: U3 | AG1: U4 | AH1: U5 | AI1: GSD^2 | AJ1: GSD | AK1: α | AL1: β | AM1: uncertainty string | AN1: Remelting yield | AO1: comment | AP1: U1 | AQ1: U2 | AR1: U3 | AS1: U4 | AT1: U5 | AU1: GSD^2 | AV1: GSD | AW1: α | AX1: β | AY1: uncertainty string
A2: 47 | B2: Ag | C2: Silver | D2: 0.8425656 | E2: Value from Helbig et al. (2020), based on Johnson et al. (2005) | F2: 1 | G2: 4 | H2: 1 | I2: 2 | J2: 1 | K2: 1.1925123 | L2: 1.0920221 | M2: 51.951215 | N2: 9.7071475 | O2: 10;51.9512154283539;9.70714751948482 | P2: 0.91001698 | Q2: Value from Helbig et al. (2020), based on Johnson et al. (2005) | R2: 1 | S2: 4 | T2: 1 | U2: 2 | V2: 1 | W2: 1.1925123 | X2: 1.0920221 | Y2: 34.289382 | Z2: 3.3905545 | AA2: 10;34.2893818471338;3.39055454831733 | AB2: 1 | AC2: Value from Helbig et al. (2020), based on Johnson et al. (2005) | AD2: 1 | AE2: 4 | AF2: 1 | AG2: 2 | AH2: 1 | AI2: 1.1925123 | AJ2: 1.0920221 | AK2: -1 | AL2: 0 | AM2: 1;1 | AN2: 1 | AO2: Value from Helbig et al. (2020), based on Johnson et al. (2005) | AP2: 1 | AQ2: 4 | AR2: 1 | AS2: 2 | AT2: 1 | AU2: 1.1925123 | AV2: 1.0920221 | AW2: -1 | AX2: 0 | AY2: 1;1
A3: 13 | B3: Al | C3: Aluminum | D3: 0.87929656 | E3: Value from Helbig et al. (2020), based on Bertram et al. (2017) | F3: 1 | G3: 2 | H3: 1 | I3: 2 | J3: 1 | K3: 1.1174816 | L3: 1.05711 | M3: 113.57328 | N3: 15.590514 | O3: 10;113.573278520256;15.5905136877806 | P3: 0.59090909 | Q3: Value from Helbig et al. (2020), based on Bertram et al. (2017) | R3: 1 | S3: 2 | T3: 1 | U3: 2 | V3: 1 | W3: 1.1174816 | X3: 1.05711 | Y3: 174.59386 | Z3: 120.87267 | AA3: 10;174.593862569104;120.872674086303 | AB3: 0.94650206 | AC3: Value from Helbig et al. (2020), based on Bertram et al. (2017) | AD3: 1 | AE3: 2 | AF3: 1 | AG3: 2 | AH3: 1 | AI3: 1.1174816 | AJ3: 1.05711 | AK3: 57.831576 | AL3: 3.2687413 | AM3: 10;57.8315762843693;3.26874126824696 | AN3: 0.97 | AO3: Value from Helbig et al. (2020), based on Bertram et al. (2017) | AP3: 1 | AQ3: 2 | AR3: 1 | AS3: 2 | AT3: 1 | AU3: 1.1174816 | AV3: 1.05711 | AW3: 33.647835 | AX3: 1.0406547 | AY3: 10;33.6478349590029;1.0406546894537
A4: 33 | B4: As | C4: Arsenic | D4: 0.084343116 | E4: Calculated based an arsenic SFA for China (Shi et al., 2017). China processes most of the world's arsenic. | F4: 1 | G4: 3 | H4: 2 | I4: 2 | J4: 2 | K4: 1.1711691 | L4: 1.0822057 | M4: 3.7712263 | N4: 40.941685 | O4: 10;3.77122629323981;40.9416853238295 | P4: 0.97856554 | Q4: Calculated based an arsenic SFA for China (Shi et al., 2017). China processes most of the world's arsenic. Assumed to include the potential recovery of new scraps in the manufacture of GaAs semiconductors. | R4: 1 | S4: 3 | T4: 2 | U4: 2 | V4: 2 | W4: 1.1711691 | X4: 1.0822057 | Y4: 11.170667 | Z4: 0.24468185 | AA4: 10;45.6538461538461;1 | AB4: 0 | AC4: While the recycling of arsenic from new scraps may occur in the manufacture of GaAs semiconductors (Ciacci et al., 2015), it is here assumed to be included in the fabrication and manufacturing yield. | AD4: 1 | AE4: 1 | AF4: 1 | AG4: 1 | AH4: 1 | AI4: 1.05 | AJ4: 1.0246951 | AK4: 0 | AL4: -1 | AM4: 1;0 | AN4: 0 | AO4: No functional recycling of arsenic is estimated to occur currently (Ciacci et al., 2015; Graedel et al., 2011; USGS, 2020) | AP4: 1 | AQ4: 1 | AR4: 1 | AS4: 1 | AT4: 1 | AU4: 1.05 | AV4: 1.0246951 | AW4: 0 | AX4: -1 | AY4: 1;0
A5: 79 | B5: Au | C5: Gold | D5: 0.73259375 | E5: Best estimate based on the literature survey realized for gold. We estimated an extraction yield of 85%, concentration yield of 87.5%, and refining yield of 98.5%. See supporting information for details. | F5: 3 | G5: 1 | H5: 1 | I5: 2 | J5: 1 | K5: 1.2354523 | L5: 1.111509 | M5: 45.435081 | N5: 16.584396 | O5: 10;45.4350806497305;16.5843955602843 | P5: 0.89571687 | Q5: Calculated from US statistics (USGS, 2004a), and considering a fabrication rate of 100% for investment products. We consider these values to be reasonnable estimates for the current global yields. | R5: 3 | S5: 1 | T5: 1 | U5: 3 | V5: 1 | W5: 1.3000688 | X5: 1.1402056 | Y5: 16.129195 | Z5: 1.8778288 | AA5: 10;16.1291948710862;1.8778288493111 | AB5: 0.9 | AC5: Calculated from US statistics (USGS, 2004a), and considering a fabrication rate of 100% for investment products. We consider these values to be reasonnable estimates for the current global yields. | AD5: 3 | AE5: 1 | AF5: 1 | AG5: 3 | AH5: 1 | AI5: 1.3000688 | AJ5: 1.1402056 | AK5: 15.582167 | AL5: 1.7313519 | AM5: 10;15.582167106453;1.731351900717 | AN5: 0.97592998 | AO5: Calculated from US statistics (USGS, 2004a), and considering a fabrication rate of 100% for investment products. We consider these values to be reasonnable estimates for the current global yields. | AP5: 3 | AQ5: 1 | AR5: 1 | AS5: 3 | AT5: 1 | AU5: 1.3000688 | AV5: 1.1402056 | AW5: 3.6889782 | AX5: 0.090983766 | AY5: 10;40.5454545454546;1
A6: 5 | B6: B | C6: Boron | D6: 0.776 | E6: Estimate considering an extraction yield of 80% and refining yield of 97% (Althaus et al., 2007, Graedel et al., 2015) | F6: 3 | G6: 3 | H6: 3 | I6: 2 | J6: 1 | K6: 1.268463 | L6: 1.1262606 | M6: 33.06908 | N6: 9.5457137 | O6: 10;33.0690797489152;9.54571374195491 | P6: 0.95 | Q6: Assumption | R6: 4 | S6: 1 | T6: 1 | U6: 3 | V6: 1 | W6: 1.4707782 | X6: 1.2127564 | Y6: 3.0376015 | Z6: 0.15987376 | AA6: 10;19;1 | AB6: 0 | AC6: Assumed to be included in the fabrication and manufacturing yield, if any recovery occurs. | AD6: 1 | AE6: 1 | AF6: 1 | AG6: 1 | AH6: 1 | AI6: 1.05 | AJ6: 1.0246951 | AK6: 0 | AL6: -1 | AM6: 1;0 | AN6: 0 | AO6: No recycling of old boron scraps is considered to occur (European Commission, 2020a; Graedel et al., 2015) | AP6: 1 | AQ6: 1 | AR6: 1 | AS6: 1 | AT6: 1 | AU6: 1.05 | AV6: 1.0246951 | AW6: 0 | AX6: -1 | AY6: 1;0
A7: 56 | B7: Ba | C7: Barium | D7: 0.8 | E7: Panousi et al., 2016 | F7: 3 | G7: 2 | H7: 1 | I7: 3 | J7: 1 | K7: 1.3022281 | L7: 1.1411521 | M7: 24.897767 | N7: 6.2244418 | O7: 10;24.8977671397931;6.22444178494826 | P7: 0.95 | Q7: Assumption | R7: 3 | S7: 1 | T7: 1 | U7: 3 | V7: 1 | W7: 1.3000688 | X7: 1.1402056 | Y7: 8.2321949 | Z7: 0.43327342 | AA7: 10;19;1 | AB7: 0 | AC7: Assumed to be included in the fabrication and manufacturing yield. | AD7: 1 | AE7: 1 | AF7: 1 | AG7: 1 | AH7: 1 | AI7: 1.05 | AJ7: 1.0246951 | AK7: 0 | AL7: -1 | AM7: 1;0 | AN7: 0 | AO7: Negligible recycling is considered to occur for barium (Panousi et al., 2016) | AP7: 3 | AQ7: 1 | AR7: 1 | AS7: 1 | AT7: 1 | AU7: 1.2077232 | AV7: 1.0989646 | AW7: 0 | AX7: -1 | AY7: 1;0
A8: 4 | B8: Be | C8: Beryllium | D8: 0.87 | E8: Calculated based on US production, which represents over 50% of the global production (Lederer et al., 2016) | F8: 2 | G8: 2 | H8: 3 | I8: 3 | J8: 1 | K8: 1.2547563 | L8: 1.1201591 | M8: 26.39019 | N8: 3.9433617 | O8: 10;26.3901895778364;3.94336166105602 | P8: 0.91666667 | Q8: Calculated based on USGS static MFA for the year 2000 (Cunningham, 2004) | R8: 2 | S8: 4 | T8: 3 | U8: 1 | V8: 1 | W8: 1.21185 | X8: 1.1008406 | Y8: 26.627568 | Z8: 2.420688 | AA8: 10;26.6275683629337;2.42068803299398 | AB8: 0.857 | AC8: Calculated based on USGS static MFA for the year 2000 (Cunningham, 2004). | AD8: 2 | AE8: 4 | AF8: 3 | AG8: 1 | AH8: 1 | AI8: 1.21185 | AJ8: 1.1008406 | AK8: 40.456003 | AL8: 6.7505349 | AM8: 10;40.4560030051636;6.75053492384878 | AN8: 1 | AO8: Assumed that recovered new scraps are mostly from copper alloys and remelted with a 100% yield (BeST, 2016), and that collected old scraps are targetted specifically for their Be content. | AP8: 3 | AQ8: 1 | AR8: 1 | AS8: 3 | AT8: 1 | AU8: 1.3000688 | AV8: 1.1402056 | AW8: -1 | AX8: 0 | AY8: 1;1
A9: 83 | B9: Bi | C9: Bismuth | D9: 0.75 | E9: Estimate from Panousi et al., 2016 | F9: 3 | G9: 2 | H9: 2 | I9: 2 | J9: 1 | K9: 1.240519 | L9: 1.1137859 | M9: 42.695599 | N9: 14.231866 | O9: 10;42.6955994779466;14.2318664926489 | P9: 0.95 | Q9: Assumption, including the recovery of new scraps. | R9: 3 | S9: 1 | T9: 1 | U9: 3 | V9: 1 | W9: 1.3000688 | X9: 1.1402056 | Y9: 8.2321949 | Z9: 0.43327342 | AA9: 10;19;1 | AB9: 0 | AC9: Assumed to be included in the fabrication and manufacturing yield, if any recovery occurs. | AD9: 1 | AE9: 1 | AF9: 1 | AG9: 1 | AH9: 1 | AI9: 1.05 | AJ9: 1.0246951 | AK9: 0 | AL9: -1 | AM9: 1;0 | AN9: 0 | AO9: No EOL recycling is considered to occur (European Commission, 2020a; Panousi et al., 2016) | AP9: 1 | AQ9: 1 | AR9: 1 | AS9: 1 | AT9: 1 | AU9: 1.05 | AV9: 1.0246951 | AW9: 0 | AX9: -1 | AY9: 1;0
A10: 48 | B10: Cd | C10: Cadmium | D10: 0.76275975 | E10: Average value from US (Llewellyn, 1994) and Australian statistics (Kwonpongsagoon et al., 2007) | F10: 2 | G10: 4 | H10: 3 | I10: 2 | J10: 1 | K10: 1.2392268 | L10: 1.1132056 | M10: 42.31844 | N10: 13.162253 | O10: 10;42.3184399435594;13.1622533658747 | P10: 0.998 | Q10: Estimate based on Cha et al., 2013; Plachy, 2003 | R10: 3 | S10: 1 | T10: 1 | U10: 1 | V10: 1 | W10: 1.2077232 | X10: 1.0989646 | Y10: -0.18443681 | Z10: -0.00036961284 | AA10: 10;499;1 | AB10: 0 | AC10: Assumed to be included in the fabrication yield. | AD10: 1 | AE10: 1 | AF10: 1 | AG10: 1 | AH10: 1 | AI10: 1.05 | AJ10: 1.0246951 | AK10: 0 | AL10: -1 | AM10: 1;0 | AN10: 1 | AO10: Estimate based on the literature review. See the Supporting information for details. | AP10: 2 | AQ10: 1 | AR10: 1 | AS10: 1 | AT10: 1 | AU10: 1.1130149 | AV10: 1.0549952 | AW10: -1 | AX10: 0 | AY10: 1;1
A11: 58 | B11: Ce | C11: Cerium | D11: 0.58151301 | E11: Calculated using the grouped methodogy for REEs, detailed in section 2.4.3.1 of the Supporting information. | F11: 3 | G11: 1 | H11: 1 | I11: 3 | J11: 3 | K11: 1.3713425 | L11: 1.1710433 | M11: 18.767038 | N11: 13.505737 | O11: 10;18.7670384112497;13.5057366157051 | P11: 0.85478548 | Q11: Calculated based on the MFA of Du and Graedel, 2011 | R11: 1 | S11: 3 | T11: 1 | U11: 3 | V11: 2 | W11: 1.2456465 | X11: 1.1160854 | Y11: 30.639332 | Z11: 5.2051374 | AA11: 10;30.6393317476184;5.20513743974985 | AB11: 0 | AC11: Calculated based on the MFA of Du and Graedel, 2011 | AD11: 1 | AE11: 3 | AF11: 1 | AG11: 3 | AH11: 2 | AI11: 1.2456465 | AJ11: 1.1160854 | AK11: 0 | AL11: -1 | AM11: 1;0 | AN11: 1 | AO11: Assumption; the EOL-RR efficiency and related uncertainty is already attributed to the collection and separation step. | AP11: 1 | AQ11: 1 | AR11: 1 | AS11: 1 | AT11: 1 | AU11: 1.05 | AV11: 1.0246951 | AW11: -1 | AX11: 0 | AY11: 1;1
A12: 27 | B12: Co | C12: Cobalt | D12: 0.43934657 | E12: Value from Helbig et al. (2020), based on Harper et al. (2012) | F12: 1 | G12: 4 | H12: 1 | I12: 2 | J12: 1 | K12: 1.1925123 | L12: 1.0920221 | M12: 50.679923 | N12: 64.673028 | O12: 10;50.6799230657896;64.6730283941691 | P12: 0.94001343 | Q12: Value from Helbig et al. (2020), based on Harper et al. (2012) | R12: 1 | S12: 4 | T12: 1 | U12: 2 | V12: 1 | W12: 1.1925123 | X12: 1.0920221 | Y12: 24.097883 | Z12: 1.5377965 | AA12: 10;24.0978829490536;1.53779651908868 | AB12: 0.046833579 | AC12: Value from Helbig et al. (2020), based on Harper et al. (2012) | AD12: 1 | AE12: 4 | AF12: 1 | AG12: 2 | AH12: 1 | AI12: 1.1925123 | AJ12: 1.0920221 | AK12: 0.94071645 | AL12: 19.145651 | AM12: 10;1;20.3522012578616 | AN12: 0.30875777 | AO12: Value from Helbig et al. (2020), based on Harper et al. (2012) | AP12: 1 | AQ12: 4 | AR12: 1 | AS12: 2 | AT12: 1 | AU12: 1.1925123 | AV12: 1.0920221 | AW12: 30.818563 | AX12: 68.996132 | AY12: 10;30.8185626977511;68.9961322424396
A13: 24 | B13: Cr | C13: Chromium | D13: 0.75144509 | E13: Value from Helbig et al. (2020), based on Johnson et al. (2006) | F13: 1 | G13: 4 | H13: 1 | I13: 2 | J13: 1 | K13: 1.1925123 | L13: 1.0920221 | M13: 65.54535 | N13: 21.680385 | O13: 10;65.5453497043691;21.6803849022144 | P13: 0.73451327 | Q13: Value from Helbig et al. (2020), based on Johnson et al. (2006) | R13: 1 | S13: 4 | T13: 1 | U13: 2 | V13: 1 | W13: 1.1925123 | X13: 1.0920221 | Y13: 66.923274 | Z13: 24.189135 | AA13: 10;66.923274053289;24.189135199984 | AB13: 0.67682927 | AC13: The value from Helbig et al. (2020), based on Johnson et al. (2006), was recalculated considering that new scrap recovery losses attributed to downgraded scraps were re-allocated to remelting losses. See the supporting information for details. | AD13: 1 | AE13: 4 | AF13: 1 | AG13: 2 | AH13: 1 | AI13: 1.1925123 | AJ13: 1.0920221 | AK13: 69.253563 | AL13: 33.067017 | AM13: 10;69.253563031311;33.0670165825179 | AN13: 0.51707317 | AO13: Based on a personal communication with B.K. Reck (01-27-2022). See supporting information for details. | AP13: 3 | AQ13: 2 | AR13: 1 | AS13: 2 | AT13: 1 | AU13: 1.2379952 | AV13: 1.1126523 | AW13: 40.180175 | AX13: 37.526767 | AY13: 10;40.1801752469583;37.5267674476309
... A62: 40 | B62: Zr | C62: Zirconium | D62: 0.855 | E62: Calculated considering average losses of 10% at the concentration and refining stages (Iluka, 2020), and assuming 5% extraction losses | F62: 2 | G62: 1 | H62: 2 | I62: 2 | J62: 1 | K62: 1.1576169 | L62: 1.075926 | M62: 72.694312 | N62: 12.328275 | O62: 10;72.6943122426246;12.3282751756498 | P62: 0.95 | Q62: Assumption | R62: 3 | S62: 1 | T62: 1 | U62: 3 | V62: 1 | W62: 1.3000688 | X62: 1.1402056 | Y62: 8.2321949 | Z62: 0.43327342 | AA62: 10;19;1 | AB62: 0 | AC62: The recovery of zirconium from new scraps is estimated to be overall negligible (European Commission, 2020c). | AD62: 2 | AE62: 1 | AF62: 1 | AG62: 3 | AH62: 1 | AI62: 1.2354523 | AJ62: 1.111509 | AK62: 0 | AL62: -1 | AM62: 1;0 | AN62: 1 | AO62: Assumption that all EOL losses are due to collection and separation. The uncertainty is already taken into account for that process. | AP62: 1 | AQ62: 1 | AR62: 1 | AS62: 1 | AT62: 1 | AU62: 1.05 | AV62: 1.0246951 | AW62: -1 | AX62: 0 | AY62: 1;1

Sheet Demand
A1: Metal | B1: Demand type | C1: Scenario | D1: Year | E1: Value in kt by 2040
A2: Cobalt | B2: Cleand demand | C2: Domestic demand | D2: 2040 | E2: 9
A3: Cobalt | B3: Other demand | C3: Domestic demand | D3: 2040 | E3: 6.7
A4: Copper | B4: Cleand demand | C4: Domestic demand | D4: 2040 | E4: 289
A5: Copper | B5: Other demand | C5: Domestic demand | D5: 2040 | E5: 354
A6: Graphite | B6: Cleand demand | C6: Domestic demand | D6: 2040 | E6: 254
A7: Graphite | B7: Other demand | C7: Domestic demand | D7: 2040 | E7: 160
A8: Lithium | B8: Cleand demand | C8: Domestic demand | D8: 2040 | E8: 120
A9: Lithium | B9: Other demand | C9: Domestic demand | D9: 2040 | E9: 12
A10: Neodymium | B10: Cleand demand | C10: Domestic demand | D10: 2040 | E10: 1.3
A11: Neodymium | B11: Other demand | C11: Domestic demand | D11: 2040 | E11: 1.4
A12: Nickel | B12: Cleand demand | C12: Domestic demand | D12: 2040 | E12: 87
A13: Nickel | B13: Other demand | C13: Domestic demand | D13: 2040 | E13: 74
... A37: Nickel | B37: Other demand | C37: Domestic demand with greater recycling | D37: 2040 | E37: 55
