Workbook

Sheet Note
A1: skip
B2: Life cycle inventories of global metal and mineral supply chains: a comprehensive data review, analysis and processing Frédéric Laia*, Stéphanie Mullera, Audrey Philippea, Robert Istrateb, Brenda Miranda Xicotencatlb, Afsoon Mansouri Askic, Aina Mas Fonsd,a, Juliana Segura-Salazare, Jair Santillán Saldivara, Alexander Cimprichf, Stephen Northeyg, Lígia da Silva Limah, Lieselot Booneh, Ryosuke Yokoii, Kamrul Islami, Ioanna Paschalidouj, Felipe Cerdask,l, Victor Balboa-Espinozae, Anish Koyamparambathd, Diae Henniouia, Victoire Collignona, Aurélien Reysa, Gyslain Ngadi Sakatadim, Jo Dewulfh, Bernhard Steubingb, Christoph Helbigc, Gaétan Lefebvrea, Gian Andrea Blenginin,m, Valeria Supertio, Masaharu Motoshitai, Guido Sonnemannd, Kwame Awuah-Offeij, Steven B. Youngf, Shinsuke Murakamip, Antoine Beylota aBRGM, F-45060 Orléans, France bInstitute of Environmental Sciences (CML), Leiden University, Einsteinweg 2, 2333 CC Leiden, NL cEcological Resource Technology, University of Bayreuth, Universitätstr. 30, 95447 Bayreuth, Germany dUniv. Bordeaux, CNRS, Bordeaux INP, ISM, UMR 5255, F-33400 Talence, France eSustainable Minerals Institute, The University of Queensland, QLD, 4072, Australia fSchool of Environment, Enterprise and Development, University of Waterloo, 200 University Avenue West, Waterloo, Ontario N2L 3G1, Canada gUniversity of Technology Sydney, Institute for Sustainable Futures, Australia hSustainable Systems Engineering (STEN), Department of Green Chemistry and Technology, Faculty of Bioscience Engineering, Ghent University, Coupure Links 653, 9000 Ghent, Belgium iAIST, 305-8569 Tsukuba, Japan jMining & Explosives Engineering, Missouri University of Science & Technology, Rolla, MO, USA 65409 kInstitute for Sustainable Energy Systems (INSYS), Technical University of Applied Sciences Würzburg-Schweinfurt (THWS), Ignaz-Schön-Straße 11, Schweinfurt, Germany lFraunhofer Institute for Surface Engineering and Thin Films IST, Riedenkamp 2, Braunschweig 38108, Germany mDepartment of Environment, Land and Infrastructure Engineering, Politecnico di Torino, Corso Duca degli Abruzzi, 24, 10129 Torino, Italy nUniversity of Turin, Earth Sciences Department (DST), Via Valperga Caluso, 35 – 10125 Torino, Italy oecoinvent association, Technopark, Technoparkstrasse 1, 8005 Zürich, Switzerland pGraduate School of Engineering, The University of Tokyo, Tokyo 113-8656, Japan *Corresponding author: f.lai@brgm.fr This file provides all LCI datasets developed for Graphite (C), with distinguishing its global market and each individual production route.
B33: Sheet | C33: Corresponding route
B34: Graphite_Market_GLO | C34: Graphite global market
B35: PR1_NaturalGraphite_CN | C35: Graphite ore mining in China/Heilongjiang and natural graphite production in China/Shandong
B36: PR2_SyntheticGraphite_CN | C36: Synthetic graphite production in China

Sheet Graphite_Market_GLO
A1: database | B1: Graphite
A3: Activity | B3: Graphite (C) global market
A4: reference product | B4: Battery-grade graphite
A5: location | B5: GLO
A6: amount | B6: 1
A7: unit | B7: kilogram
A8: comment | B8: n/a
A9: Exchanges
A10: name | B10: reference product | C10: location | D10: amount | E10: unit | F10: database | G10: type | H10: categories | I10: uncertainty type | J10: pedigree | K10: loc | L10: scale | M10: minimum | N10: maximum
A11: =B3 -> Graphite (C) global market | B11: =B4 -> Battery-grade graphite | C11: =B5 -> GLO | D11: 1 | E11: =B7 -> kilogram | F11: =B1 -> Graphite | G11: production
A12: =PR1_NaturalGraphite_CN!A110 -> Graphite ore mining in China/Heilongjiang and natural graphite production in China/Shandong | B12: =PR1_NaturalGraphite_CN!B110 -> Battery-grade graphite | C12: =PR1_NaturalGraphite_CN!C110 -> CN | D12: 0.42057679 | E12: =PR1_NaturalGraphite_CN!E110 -> kilogram | F12: =PR1_NaturalGraphite_CN!F110 -> Graphite | G12: technosphere
A13: =PR2_SyntheticGraphite_CN!A39 -> Synthetic graphite production in China | B13: =PR2_SyntheticGraphite_CN!B39 -> Battery-grade graphite | C13: =PR2_SyntheticGraphite_CN!C39 -> CN | D13: 0.57942321 | E13: =PR2_SyntheticGraphite_CN!E39 -> kilogram | F13: =PR2_SyntheticGraphite_CN!F39 -> Graphite | G13: technosphere

Sheet PR1_NaturalGraphite_CN
A1: Activity | B1: [M] Graphite ore mining
A2: reference product | B2: Graphite ore
A3: location | B3: CN
A4: amount | B4: 1
A5: unit | B5: kilogram
A6: comment | B6: n/a
A7: Exchanges
A8: name | B8: reference product | C8: location | D8: amount | E8: unit | F8: database | G8: type | H8: categories | I8: uncertainty type | J8: pedigree | K8: loc | L8: scale | M8: minimum | N8: maximum
A9: =B1 -> [M] Graphite ore mining | B9: =B2 -> Graphite ore | C9: =B3 -> CN | D9: 1 | E9: kilogram | F9: =Graphite_Market_GLO!B1 -> Graphite | G9: production
A10: market group for electricity, medium voltage | B10: electricity, medium voltage | C10: CN | D10: 0.0087 | E10: kilowatt hour | F10: ecoinvent 3.10 cutoff | G10: technosphere | J10: (1,1,2,1,1)
A11: market for diesel | B11: diesel | C11: RoW | D11: 0.002241 | E11: kilogram | F11: ecoinvent 3.10 cutoff | G11: technosphere | J11: (1,1,2,1,1)
A12: ammonium nitrate production | B12: ammonium nitrate | C12: CN | D12: 0.000248 | E12: kilogram | F12: ecoinvent 3.10 cutoff | G12: technosphere | J12: (1,1,2,1,1)
A13: market for diesel | B13: diesel | C13: RoW | D13: 1.2e-05 | E13: kilogram | F13: ecoinvent 3.10 cutoff | G13: technosphere | J13: (1,1,2,1,1)
A14: market for transport, freight, lorry 16-32 metric ton, EURO5 | B14: transport, freight, lorry 16-32 metric ton, EURO5 | C14: RoW | D14: 0.0001222 | E14: ton kilometer | F14: ecoinvent 3.10 cutoff | G14: technosphere | J14: (1,1,2,1,1)
A15: market for inert waste, for final disposal | B15: inert waste, for final disposal | C15: RoW | D15: -2.5e-05 | E15: kilogram | F15: ecoinvent 3.10 cutoff | G15: technosphere | J15: (1,1,2,1,1)
A16: Nitrogen oxides | D16: 0.000138 | E16: kilogram | F16: biosphere3 | G16: biosphere | H16: air | J16: (1,1,2,1,1)
A17: Water | D17: 1.13e-07 | E17: cubic meter | F17: biosphere3 | G17: biosphere | H17: air | J17: (1,1,2,1,1)
A18: Carbon dioxide, fossil | D18: 4e-05 | E18: kilogram | F18: biosphere3 | G18: biosphere | H18: air | J18: (2,1,2,1,1)
A19: Particulate Matter, > 2.5 um and < 10um | D19: 0.005 | E19: kilogram | F19: biosphere3 | G19: biosphere | H19: air | J19: (1,1,2,1,1)
A21: Activity | B21: [C] Flotation
A22: reference product | B22: Graphite concentrate
A23: location | B23: CN
A24: amount | B24: 1
A25: unit | B25: kilogram
A26: comment | B26: n/a
A27: Exchanges
A28: name | B28: reference product | C28: location | D28: amount | E28: unit | F28: database | G28: type | H28: categories | I28: uncertainty type | J28: pedigree | K28: loc | L28: scale | M28: minimum | N28: maximum
A29: =B21 -> [C] Flotation | B29: =B22 -> Graphite concentrate | C29: =B23 -> CN | D29: 1 | E29: kilogram | F29: =F9 -> Graphite | G29: production
A30: market group for electricity, medium voltage | B30: electricity, medium voltage | C30: CN | D30: 0.506 | E30: kilowatt hour | F30: ecoinvent 3.10 cutoff | G30: technosphere | J30: (1,1,2,1,1)
A31: market for diesel, burned in building machine | B31: diesel, burned in building machine | C31: GLO | D31: 0.04482 | E31: megajoule | F31: ecoinvent 3.10 cutoff | G31: technosphere | J31: (1,1,2,1,1)
A32: market for hard coal | B32: hard coal | C32: CN | D32: 0.05 | E32: kilogram | F32: ecoinvent 3.10 cutoff | G32: technosphere | J32: (1,1,2,1,1)
A33: market for vegetable oil, refined | B33: vegetable oil, refined | C33: GLO | D33: 0.001163 | E33: kilogram | F33: ecoinvent 3.10 cutoff | G33: technosphere | J33: (1,1,2,1,1)
A34: market for diesel | B34: diesel | C34: RoW | D34: 0.001551 | E34: kilogram | F34: ecoinvent 3.10 cutoff | G34: technosphere | J34: (1,1,2,1,1)
A35: market for steel, low-alloyed | B35: steel, low-alloyed | C35: GLO | D35: 0.009 | E35: kilogram | F35: ecoinvent 3.10 cutoff | G35: technosphere | J35: (1,1,2,1,1)
A36: market for transport, freight, lorry 16-32 metric ton, EURO5 | B36: transport, freight, lorry 16-32 metric ton, EURO5 | C36: RoW | D36: 0.01918 | E36: ton kilometer | F36: ecoinvent 3.10 cutoff | G36: technosphere | J36: (1,1,2,1,1)
A37: market for non-sulfidic tailing, off-site | B37: non-sulfidic tailing, off-site | C37: GLO | D37: -0.001396 | E37: kilogram | F37: ecoinvent 3.10 cutoff | G37: technosphere | J37: (1,1,2,1,1)
A38: market for wastewater, average | B38: wastewater, average | C38: RoW | D38: -0.021707 | E38: cubic meter | F38: ecoinvent 3.10 cutoff | G38: technosphere | J38: (1,1,2,1,1)
A39: market for non-sulfidic tailing, off-site | B39: non-sulfidic tailing, off-site | C39: GLO | D39: -8.596 | E39: kilogram | F39: ecoinvent 3.10 cutoff | G39: technosphere | J39: (1,1,2,1,1)
A40: Water, unspecified natural origin | D40: 0.022027 | E40: cubic meter | F40: biosphere3 | G40: biosphere | H40: natural resource::in ground | J40: (1,1,2,1,1)
A41: Carbon dioxide, fossil | D41: 0.183333 | E41: kilogram | F41: biosphere3 | G41: biosphere | H41: air | J41: (1,1,2,1,1)
A42: Water | D42: 0.000320145 | E42: cubic meter | F42: biosphere3 | G42: biosphere | H42: air | J42: (1,1,2,1,1)
A43: Oils, unspecified | D43: 0.001047 | E43: kilogram | F43: biosphere3 | G43: biosphere | H43: water | J43: (1,1,2,1,1)
A45: Activity | B45: [P+R] Spheronisation
A46: reference product | B46: Spherical graphite
A47: location | B47: CN
A48: amount | B48: 1
A49: unit | B49: kilogram
A50: comment | B50: n/a
A51: Exchanges
A52: name | B52: reference product | C52: location | D52: amount | E52: unit | F52: database | G52: type | H52: categories | I52: uncertainty type | J52: pedigree | K52: loc | L52: scale | M52: minimum | N52: maximum
A53: =B45 -> [P+R] Spheronisation | B53: =B46 -> Spherical graphite | C53: =B47 -> CN | D53: 1 | E53: kilogram | F53: =F29 -> Graphite | G53: production
A54: market group for electricity, medium voltage | B54: electricity, medium voltage | C54: CN | D54: 2.1 | E54: kilowatt hour | F54: ecoinvent 3.10 cutoff | G54: technosphere | J54: (1,1,2,1,1)
A55: market for diesel, burned in building machine | B55: diesel, burned in building machine | C55: GLO | D55: 0.018675 | E55: megajoule | F55: ecoinvent 3.10 cutoff | G55: technosphere | J55: (1,1,2,1,1)
A56: market for inert waste, for final disposal | B56: inert waste, for final disposal | C56: RoW | D56: -0.00025 | E56: kilogram | F56: ecoinvent 3.10 cutoff | G56: technosphere | J56: (1,1,2,1,1)
A58: Activity | B58: [P+R] Purification
A59: reference product | B59: Purified spherical graphite
A60: location | B60: CN
A61: amount | B61: 1
A62: unit | B62: kilogram
A63: comment | B63: n/a
A64: Exchanges
A65: name | B65: reference product | C65: location | D65: amount | E65: unit | F65: database | G65: type | H65: categories | I65: uncertainty type | J65: pedigree | K65: loc | L65: scale | M65: minimum | N65: maximum
A66: =B58 -> [P+R] Purification | B66: =B59 -> Purified spherical graphite | C66: =B60 -> CN | D66: 1 | E66: kilogram | F66: =F53 -> Graphite | G66: production
A67: market group for electricity, medium voltage | B67: electricity, medium voltage | C67: CN | D67: 0.305 | E67: kilowatt hour | F67: ecoinvent 3.10 cutoff | G67: technosphere | J67: (1,1,2,1,1)
A68: market for diesel, burned in building machine | B68: diesel, burned in building machine | C68: GLO | D68: 0.011205 | E68: megajoule | F68: ecoinvent 3.10 cutoff | G68: technosphere | J68: (1,1,2,1,1)
A69: market for natural gas, high pressure | B69: natural gas, high pressure | C69: CN | D69: 0.025862069 | E69: cubic meter | F69: ecoinvent 3.10 cutoff | G69: technosphere | J69: (1,1,2,1,1)
A70: hydrogen fluoride production | B70: hydrogen fluoride | C70: RoW | D70: 0.18 | E70: kilogram | F70: ecoinvent 3.10 cutoff | G70: technosphere | J70: (1,1,2,1,1)
A71: market for hydrochloric acid, without water, in 30% solution state | B71: hydrochloric acid, without water, in 30% solution state | C71: RoW | D71: 0.2 | E71: kilogram | F71: ecoinvent 3.10 cutoff | G71: technosphere | J71: (1,1,2,1,1)
A72: nitric acid production, product in 50% solution state | B72: nitric acid, without water, in 50% solution state | C72: CN | D72: 0.1 | E72: kilogram | F72: ecoinvent 3.10 cutoff | G72: technosphere | J72: (1,1,2,1,1)
A73: lime production, milled, packed | B73: lime, packed | C73: RoW | D73: 0.4 | E73: kilogram | F73: ecoinvent 3.10 cutoff | G73: technosphere | J73: (1,1,2,1,1)
A74: market for transport, freight, lorry 16-32 metric ton, EURO5 | B74: transport, freight, lorry 16-32 metric ton, EURO5 | C74: RoW | D74: 0.098 | E74: ton kilometer | F74: ecoinvent 3.10 cutoff | G74: technosphere | J74: (1,1,2,1,1)
A75: market for transport, freight, lorry 16-32 metric ton, EURO5 | B75: transport, freight, lorry 16-32 metric ton, EURO5 | C75: RoW | D75: 0.02 | E75: ton kilometer | F75: ecoinvent 3.10 cutoff | G75: technosphere | J75: (1,1,2,1,1)
A76: market for transport, freight, lorry >32 metric ton, EURO5 | B76: transport, freight, lorry >32 metric ton, EURO5 | C76: RoW | D76: 0.002751 | E76: ton kilometer | F76: ecoinvent 3.10 cutoff | G76: technosphere | J76: (1,1,2,1,1)
A77: market for wastewater, average | B77: wastewater, average | C77: RoW | D77: -0.024773 | E77: cubic meter | F77: ecoinvent 3.10 cutoff | G77: technosphere | J77: (1,1,2,1,1)
A78: treatment of refinery sludge, sanitary landfill | B78: refinery sludge | C78: RoW | D78: -0.917 | E78: kilogram | F78: ecoinvent 3.10 cutoff | G78: technosphere | J78: (1,1,2,1,1)
A79: Water, unspecified natural origin | D79: 0.025 | E79: cubic meter | F79: biosphere3 | G79: biosphere | H79: natural resource::in ground | J79: (1,1,2,1,1)
A80: Carbon dioxide, fossil | D80: 0.05775 | E80: kilogram | F80: biosphere3 | G80: biosphere | H80: air | J80: (1,1,2,1,1)
A81: Water | D81: 0.000320145 | E81: cubic meter | F81: biosphere3 | G81: biosphere | H81: air | J81: (1,1,2,1,1)
A83: Activity | B83: [P+R] Coating
A84: reference product | B84: Coated spherical graphite
A85: location | B85: CN
A86: amount | B86: 1
A87: unit | B87: kilogram
A88: comment | B88: n/a
A89: Exchanges
A90: name | B90: reference product | C90: location | D90: amount | E90: unit | F90: database | G90: type | H90: categories | I90: uncertainty type | J90: pedigree | K90: loc | L90: scale | M90: minimum | N90: maximum
A91: =B83 -> [P+R] Coating | B91: =B84 -> Coated spherical graphite | C91: =B85 -> CN | D91: 1 | E91: kilogram | F91: =F66 -> Graphite | G91: production
A92: market group for electricity, medium voltage | B92: electricity, medium voltage | C92: CN | D92: 4.55 | E92: kilowatt hour | F92: ecoinvent 3.10 cutoff | G92: technosphere | J92: (1,1,2,1,1)
A93: market for diesel, burned in building machine | B93: diesel, burned in building machine | C93: GLO | D93: 0.011205 | E93: megajoule | F93: ecoinvent 3.10 cutoff | G93: technosphere | J93: (1,1,2,1,1)
A94: pitch production, petroleum refinery operation | B94: pitch | C94: RoW | D94: 0.05 | E94: kilogram | F94: ecoinvent 3.10 cutoff | G94: technosphere | J94: (1,1,2,1,1)
A95: market for nitrogen, liquid | B95: nitrogen, liquid | C95: RoW | D95: 0.0015 | E95: kilogram | F95: ecoinvent 3.10 cutoff | G95: technosphere | J95: (1,1,2,1,1)
A96: market for transport, freight, lorry >32 metric ton, EURO5 | B96: transport, freight, lorry >32 metric ton, EURO5 | C96: RoW | D96: 1.7978 | E96: ton kilometer | F96: ecoinvent 3.10 cutoff | G96: technosphere | J96: (1,1,2,1,1)
A97: market for transport, freight, lorry 16-32 metric ton, EURO5 | B97: transport, freight, lorry 16-32 metric ton, EURO5 | C97: RoW | D97: 0.0375 | E97: ton kilometer | F97: ecoinvent 3.10 cutoff | G97: technosphere | J97: (1,1,2,1,1)
A98: market for inert waste, for final disposal | B98: inert waste, for final disposal | C98: RoW | D98: -0.0455 | E98: kilogram | F98: ecoinvent 3.10 cutoff | G98: technosphere | J98: (1,1,2,1,1)
A99: Carbon dioxide, fossil | D99: 0.062407 | E99: kilogram | F99: biosphere3 | G99: biosphere | H99: air | J99: (1,1,2,1,1)
A100: Nitrogen | D100: 0.0015 | E100: kilogram | F100: biosphere3 | G100: biosphere | H100: air | J100: (1,1,2,1,1)
A102: Activity | B102: Graphite ore mining in China/Heilongjiang and natural graphite production in China/Shandong
A103: reference product | B103: Battery-grade graphite
A104: location | B104: CN
A105: amount | B105: 1
...

Sheet PR2_SyntheticGraphite_CN
A1: Activity | B1: [P+R] Synthetic graphite production
A2: reference product | B2: Battery-grade graphite
A3: location | B3: CN
A4: amount | B4: 1
A5: unit | B5: kilogram
A6: comment | B6: n/a
A7: Exchanges
A8: name | B8: reference product | C8: location | D8: amount | E8: unit | F8: database | G8: type | H8: categories | I8: uncertainty type | J8: pedigree | K8: loc | L8: scale | M8: minimum | N8: maximum
A9: =B1 -> [P+R] Synthetic graphite production | B9: =B2 -> Battery-grade graphite | C9: =B3 -> CN | D9: 1 | E9: kilogram | F9: =Graphite_Market_GLO!B1 -> Graphite | G9: production
A10: market for petroleum coke | B10: petroleum coke | C10: GLO | D10: 2.03 | E10: kilogram | F10: ecoinvent 3.10 cutoff | G10: technosphere | J10: (1,1,2,1,1)
A11: market group for electricity, medium voltage | B11: electricity, medium voltage | C11: CN | D11: 1.88 | E11: kilowatt hour | F11: ecoinvent 3.10 cutoff | G11: technosphere | J11: (1,1,2,1,1)
A12: market for heat, district or industrial, natural gas | B12: heat, district or industrial, natural gas | C12: RoW | D12: 0.756 | E12: megajoule | F12: ecoinvent 3.10 cutoff | G12: technosphere | J12: (1,1,2,1,1)
A13: market for anode, graphite, for Li-ion battery | B13: anode, graphite, for Li-ion battery | C13: CN | D13: 0.27 | E13: kilogram | F13: ecoinvent 3.10 cutoff | G13: technosphere | J13: (4,5,5,5,1)
A14: market group for electricity, medium voltage | B14: electricity, medium voltage | C14: CN | D14: 16 | E14: kilowatt hour | F14: ecoinvent 3.10 cutoff | G14: technosphere | J14: (1,1,2,1,1)
A15: market for coke | B15: coke | C15: CN | D15: 12.74 | E15: megajoule | F15: ecoinvent 3.10 cutoff | G15: technosphere | J15: (3,5,2,5,1)
A16: market for inert waste, for final disposal | B16: inert waste, for final disposal | C16: RoW | D16: -0.26 | E16: kilogram | F16: ecoinvent 3.10 cutoff | G16: technosphere | J16: (3,5,2,5,1)
A17: market group for electricity, medium voltage | B17: electricity, medium voltage | C17: CN | D17: 3.33 | E17: kilowatt hour | F17: ecoinvent 3.10 cutoff | G17: technosphere | J17: (3,5,2,5,1)
A18: market for heat, district or industrial, natural gas | B18: heat, district or industrial, natural gas | C18: RoW | D18: 0.972 | E18: megajoule | F18: ecoinvent 3.10 cutoff | G18: technosphere | J18: (1,1,2,1,1)
A19: market for coal tar | B19: coal tar | C19: GLO | D19: 0.05 | E19: kilogram | F19: ecoinvent 3.10 cutoff | G19: technosphere | J19: (1,1,2,1,1)
A20: market group for electricity, medium voltage | B20: electricity, medium voltage | C20: CN | D20: 0.17 | E20: kilowatt hour | F20: ecoinvent 3.10 cutoff | G20: technosphere | J20: (3,5,2,5,1)
A21: market group for electricity, medium voltage | B21: electricity, medium voltage | C21: CN | D21: 0.21 | E21: kilowatt hour | F21: ecoinvent 3.10 cutoff | G21: technosphere | J21: (3,5,2,5,1)
... A27: market for heat, district or industrial, natural gas | B27: heat, district or industrial, natural gas | C27: RoW | D27: 0.108 | E27: megajoule | F27: ecoinvent 3.10 cutoff | G27: technosphere | J27: (1,1,2,1,1)
A28: Carbon dioxide, fossil | D28: 0.72 | E28: kilogram | F28: biosphere3 | G28: biosphere | H28: air | J28: (4,1,1,1,1)
A29: Carbon dioxide, fossil | D29: 0.07 | E29: kilogram | F29: biosphere3 | G29: biosphere | H29: air | J29: (4,1,1,1,1)
A31: Activity | B31: Synthetic graphite production in China
A32: reference product | B32: Battery-grade graphite
A33: location | B33: CN
A34: amount | B34: 1
A35: unit | B35: kilogram
A36: comment | B36: n/a
A37: Exchanges
A38: name | B38: reference product | C38: location | D38: amount | E38: unit | F38: database | G38: type | H38: categories | I38: uncertainty type | J38: pedigree | K38: loc | L38: scale | M38: minimum | N38: maximum
A39: =B31 -> Synthetic graphite production in China | B39: =B32 -> Battery-grade graphite | C39: =B33 -> CN | D39: 1 | E39: kilogram | F39: =F9 -> Graphite | G39: production
A40: =A9 -> [P+R] Synthetic graphite production | B40: =B9 -> Battery-grade graphite | C40: =C9 -> CN | D40: =D9 -> 1 | E40: =E9 -> kilogram | F40: =F9 -> Graphite | G40: technosphere
