Workbook

Sheet README
A1: Title of the article | B1: Supplementary Information for ''A Macro-LCSA framework for sectoral sustainability assessment: application to metal supply chains in Canada"
A2: Authors | B2: Marin Pellan¹, Maxime Agez1, Sara Russo-Garrido¹, Anne de Bortoli1,2,3
A3: Affiliations | B3: ¹CIRAIG, Ecole Polytechnique de Montréal, P.O. Box 6079, Montréal, H3C 3A7, Québec, Canada 2CIRAIG, Université du Québec à Montréal, C.P. 8888, succ. Centre-ville. Montréal (Québec) H3C 3P8, Québec, Canada 3LVMT, Ecole des Ponts ParisTech, Cité Descartes, 6-8 Avenue Blaise Pascal, Champs-sur-Marne, 77420, France
A4: Corresponding author | B4: pellan.marin@gmail.com
A5: Journal
A6: Date | B6: 46163
A7: Purpose and scope
A10: TAB | B10: DESCRIPTION | C10: COMMENT
A11: Results | B11: Multiplication des scénarios d'appro par les indicateurs env+social+eco
A12: Demand | B12: Niveau de demande par scénario d'approvisionnement, année, scénario de demande, métal
A13: Env_LCA
A14: Social_eco_LCA
A15: Prices

Sheet Graphs_results

Sheet Results
A1: Year | B1: Metal | C1: Demand scenario CER | D1: Production scenario CCI | E1: Production scenario CCI|Refining CAN share | F1: Supply scenario | G1: Total EQ (PDF.m2.yr) | H1: Total HH (DALY) | I1: Labor rights & decent work (physique) | J1: Health & safety (physique) | K1: Society (physique) | L1: Employment (physique) | M1: IO multiplier (physique)
A2: 2025 | B2: Cobalt | C2: Canada Net-zero | D2: Existing production | E2: Current shares | F2: NIMBY | G2: 85357.296 | H2: 0.78847663 | I2: 10566.831 | J2: 19507.167 | K2: 8505.5038 | L2: 11.071711 | M2: 155049.3
A3: 2025 | B3: Cobalt | C3: Canada Net-zero | D3: Existing production | E3: Current shares | F3: Status Quo | G3: 84481.066 | H3: 0.78051957 | I3: 9316.8707 | J3: 17186.218 | K3: 7412.2669 | L3: 9.4282655 | M3: 149644.55
A4: 2025 | B4: Cobalt | C4: Canada Net-zero | D4: Production potential | E4: Current shares | F4: Expansion Extractive | G4: 84391.686 | H4: 0.77970791 | I4: 9189.3683 | J4: 16949.469 | K4: 7300.7511 | L4: 9.2606255 | M4: 149093.24
A5: 2025 | B5: Cobalt | C5: Canada Net-zero | D5: Production potential | E5: Current shares | F5: Expansion Extractive+Circularity | G5: 84391.686 | H5: 0.77970791 | I5: 9189.3683 | J5: 16949.469 | K5: 7300.7511 | L5: 9.2606255 | M5: 149093.24
A6: 2025 | B6: Cobalt | C6: Canada Net-zero | D6: Production potential | E6: 100% CAN | F6: Integrated | G6: 84360.28 | H6: 0.77942535 | I6: 9149.2043 | J6: 16872.707 | K6: 7265.3748 | L6: 9.2562429 | M6: 149081.84
A7: 2025 | B7: Cobalt | C7: Current Measures | D7: Existing production | E7: Current shares | F7: NIMBY | G7: 78395.251 | H7: 0.72416567 | I7: 9704.9627 | J7: 17916.093 | K7: 7811.7646 | L7: 10.168663 | M7: 142402.92
A8: 2025 | B8: Cobalt | C8: Current Measures | D8: Existing production | E8: Current shares | F8: Status Quo | G8: 77519.021 | H8: 0.71620861 | I8: 8455.0023 | J8: 15595.144 | K8: 6718.5277 | L8: 8.5252173 | M8: 136998.18
A9: 2025 | B9: Cobalt | C9: Current Measures | D9: Production potential | E9: Current shares | F9: Expansion Extractive | G9: 77429.641 | H9: 0.71539695 | I9: 8327.4999 | J9: 15358.395 | K9: 6607.0119 | L9: 8.3575773 | M9: 136446.87
A10: 2025 | B10: Cobalt | C10: Current Measures | D10: Production potential | E10: Current shares | F10: Expansion Extractive+Circularity | G10: 77429.641 | H10: 0.71539695 | I10: 8327.4999 | J10: 15358.395 | K10: 6607.0119 | L10: 8.3575773 | M10: 136446.87
A11: 2025 | B11: Cobalt | C11: Current Measures | D11: Production potential | E11: 100% CAN | F11: Integrated | G11: 77398.235 | H11: 0.71511439 | I11: 8287.3359 | J11: 15281.633 | K11: 6571.6356 | L11: 8.3531947 | M11: 136435.47
A12: 2025 | B12: Cobalt | C12: Global Net-zero | D12: Existing production | E12: Current shares | F12: NIMBY | G12: 84164.023 | H12: 0.77745393 | I12: 10419.11 | J12: 19234.462 | K12: 8386.5991 | L12: 10.916932 | M12: 152881.75
A13: 2025 | B13: Cobalt | C13: Global Net-zero | D13: Existing production | E13: Current shares | F13: Status Quo | G13: 83287.794 | H13: 0.76949687 | I13: 9169.1492 | J13: 16913.513 | K13: 7293.3622 | L13: 9.2734859 | M13: 147477
... A721: 2040 | B721: Nickel | C721: Global Net-zero | D721: Production potential | E721: 100% CAN | F721: Integrated | G721: 729969.24 | H721: 6.9765337 | I721: 86917.421 | J721: 157114.22 | K721: 50954.436 | L721: 2129922.4 | M721: 690764.92

Sheet Demand
A1: Year | B1: Metal | C1: Demand scenario CER | D1: Production scenario CCI | E1: Production scenario CCI|Refining CAN share | F1: Supply scenario | G1: Demand_value_t | H1: Mining CAN | I1: Mining RoW | J1: Refining CAN (mining CAN) | K1: Refining RoW (mining CAN) | L1: Refining RoW (mining RoW)
A2: =[1]Result_notebook_retravaill!A2 -> 2025 | B2: =[1]Result_notebook_retravaill!B2 -> Cobalt | C2: =[1]Result_notebook_retravaill!C2 -> Canada Net-zero | D2: =[1]Result_notebook_retravaill!D2 -> Existing production | E2: =[1]Result_notebook_retravaill!E2 -> Current shares | F2: =[1]Result_notebook_retravaill!F2 -> NIMBY | G2: =[1]Result_notebook_retravaill!G2 -> 9556.3204 | H2: =IF([1]Result_notebook_retravaill!I2>[1]Result_notebook_retravaill!G2,[1]Result_notebook_retravaill!I2/[1]Result_notebook_retravaill!N2,[1]Result_notebook_retravaill!H2) -> 0 | I2: =[1]Result_notebook_retravaill!K2 -> 21718.91 | J2: =MIN(G2,[1]Result_notebook_retravaill!I2) -> 0 | K2: =IF([1]Result_notebook_retravaill!I2>[1]Result_notebook_retravaill!G2,0,IF([1]Result_notebook_retravaill!I2+[1]Result_notebook_retravaill!J2>[1]Result_notebook_retravaill!G2,[1]Result_notebook_retravaill!G2-[1]Result_notebook_retravaill!I2,[1]Result_notebook_retravaill!J2)) -> 0 | L2: =IF([1]Result_notebook_retravaill!I2>[1]Result_notebook_retravaill!G2,0,IF([1]Result_notebook_retravaill!I2+[1]Result_notebook_retravaill!J2>[1]Result_notebook_retravaill!G2,0,[1]Result_notebook_retravaill!M2)) -> 9556.3204
A3: =[1]Result_notebook_retravaill!A3 -> 2025 | B3: =[1]Result_notebook_retravaill!B3 -> Cobalt | C3: =[1]Result_notebook_retravaill!C3 -> Canada Net-zero | D3: =[1]Result_notebook_retravaill!D3 -> Existing production | E3: =[1]Result_notebook_retravaill!E3 -> Current shares | F3: =[1]Result_notebook_retravaill!F3 -> Status Quo | G3: =[1]Result_notebook_retravaill!G3 -> 9556.3204 | H3: =IF([1]Result_notebook_retravaill!I3>[1]Result_notebook_retravaill!G3,[1]Result_notebook_retravaill!I3/[1]Result_notebook_retravaill!N3,[1]Result_notebook_retravaill!H3) -> 3494 | I3: =[1]Result_notebook_retravaill!K3 -> 18224.91 | J3: =MIN(G3,[1]Result_notebook_retravaill!I3) -> 1482.0913 | K3: =IF([1]Result_notebook_retravaill!I3>[1]Result_notebook_retravaill!G3,0,IF([1]Result_notebook_retravaill!I3+[1]Result_notebook_retravaill!J3>[1]Result_notebook_retravaill!G3,[1]Result_notebook_retravaill!G3-[1]Result_notebook_retravaill!I3,[1]Result_notebook_retravaill!J3)) -> 52.985592 | L3: =IF([1]Result_notebook_retravaill!I3>[1]Result_notebook_retravaill!G3,0,IF([1]Result_notebook_retravaill!I3+[1]Result_notebook_retravaill!J3>[1]Result_notebook_retravaill!G3,0,[1]Result_notebook_retravaill!M3)) -> 8021.2435
A4: =[1]Result_notebook_retravaill!A4 -> 2025 | B4: =[1]Result_notebook_retravaill!B4 -> Cobalt | C4: =[1]Result_notebook_retravaill!C4 -> Canada Net-zero | D4: =[1]Result_notebook_retravaill!D4 -> Production potential | E4: =[1]Result_notebook_retravaill!E4 -> Current shares | F4: =[1]Result_notebook_retravaill!F4 -> Expansion Extractive | G4: =[1]Result_notebook_retravaill!G4 -> 9556.3204 | H4: =IF([1]Result_notebook_retravaill!I4>[1]Result_notebook_retravaill!G4,[1]Result_notebook_retravaill!I4/[1]Result_notebook_retravaill!N4,[1]Result_notebook_retravaill!H4) -> 3850.4061 | I4: =[1]Result_notebook_retravaill!K4 -> 17868.504 | J4: =MIN(G4,[1]Result_notebook_retravaill!I4) -> 1633.2723 | K4: =IF([1]Result_notebook_retravaill!I4>[1]Result_notebook_retravaill!G4,0,IF([1]Result_notebook_retravaill!I4+[1]Result_notebook_retravaill!J4>[1]Result_notebook_retravaill!G4,[1]Result_notebook_retravaill!G4-[1]Result_notebook_retravaill!I4,[1]Result_notebook_retravaill!J4)) -> 58.390396 | L4: =IF([1]Result_notebook_retravaill!I4>[1]Result_notebook_retravaill!G4,0,IF([1]Result_notebook_retravaill!I4+[1]Result_notebook_retravaill!J4>[1]Result_notebook_retravaill!G4,0,[1]Result_notebook_retravaill!M4)) -> 7864.6577
A5: =[1]Result_notebook_retravaill!A5 -> 2025 | B5: =[1]Result_notebook_retravaill!B5 -> Cobalt | C5: =[1]Result_notebook_retravaill!C5 -> Canada Net-zero | D5: =[1]Result_notebook_retravaill!D5 -> Production potential | E5: =[1]Result_notebook_retravaill!E5 -> Current shares | F5: =[1]Result_notebook_retravaill!F5 -> Expansion Extractive+Circularity | G5: =[1]Result_notebook_retravaill!G5 -> 9556.3204 | H5: =IF([1]Result_notebook_retravaill!I5>[1]Result_notebook_retravaill!G5,[1]Result_notebook_retravaill!I5/[1]Result_notebook_retravaill!N5,[1]Result_notebook_retravaill!H5) -> 3850.4061 | I5: =[1]Result_notebook_retravaill!K5 -> 17868.504 | J5: =MIN(G5,[1]Result_notebook_retravaill!I5) -> 1633.2723 | K5: =IF([1]Result_notebook_retravaill!I5>[1]Result_notebook_retravaill!G5,0,IF([1]Result_notebook_retravaill!I5+[1]Result_notebook_retravaill!J5>[1]Result_notebook_retravaill!G5,[1]Result_notebook_retravaill!G5-[1]Result_notebook_retravaill!I5,[1]Result_notebook_retravaill!J5)) -> 58.390396 | L5: =IF([1]Result_notebook_retravaill!I5>[1]Result_notebook_retravaill!G5,0,IF([1]Result_notebook_retravaill!I5+[1]Result_notebook_retravaill!J5>[1]Result_notebook_retravaill!G5,0,[1]Result_notebook_retravaill!M5)) -> 7864.6577
A6: =[1]Result_notebook_retravaill!A6 -> 2025 | B6: =[1]Result_notebook_retravaill!B6 -> Cobalt | C6: =[1]Result_notebook_retravaill!C6 -> Canada Net-zero | D6: =[1]Result_notebook_retravaill!D6 -> Production potential | E6: =[1]Result_notebook_retravaill!E6 -> 100% CAN | F6: =[1]Result_notebook_retravaill!F6 -> Integrated | G6: =[1]Result_notebook_retravaill!G6 -> 9556.3204 | H6: =IF([1]Result_notebook_retravaill!I6>[1]Result_notebook_retravaill!G6,[1]Result_notebook_retravaill!I6/[1]Result_notebook_retravaill!N6,[1]Result_notebook_retravaill!H6) -> 3850.4061 | I6: =[1]Result_notebook_retravaill!K6 -> 17868.504 | J6: =MIN(G6,[1]Result_notebook_retravaill!I6) -> 1691.6627 | K6: =IF([1]Result_notebook_retravaill!I6>[1]Result_notebook_retravaill!G6,0,IF([1]Result_notebook_retravaill!I6+[1]Result_notebook_retravaill!J6>[1]Result_notebook_retravaill!G6,[1]Result_notebook_retravaill!G6-[1]Result_notebook_retravaill!I6,[1]Result_notebook_retravaill!J6)) -> 0 | L6: =IF([1]Result_notebook_retravaill!I6>[1]Result_notebook_retravaill!G6,0,IF([1]Result_notebook_retravaill!I6+[1]Result_notebook_retravaill!J6>[1]Result_notebook_retravaill!G6,0,[1]Result_notebook_retravaill!M6)) -> 7864.6577
A7: =[1]Result_notebook_retravaill!A7 -> 2025 | B7: =[1]Result_notebook_retravaill!B7 -> Cobalt | C7: =[1]Result_notebook_retravaill!C7 -> Current Measures | D7: =[1]Result_notebook_retravaill!D7 -> Existing production | E7: =[1]Result_notebook_retravaill!E7 -> Current shares | F7: =[1]Result_notebook_retravaill!F7 -> NIMBY | G7: =[1]Result_notebook_retravaill!G7 -> 8776.8729 | H7: =IF([1]Result_notebook_retravaill!I7>[1]Result_notebook_retravaill!G7,[1]Result_notebook_retravaill!I7/[1]Result_notebook_retravaill!N7,[1]Result_notebook_retravaill!H7) -> 0 | I7: =[1]Result_notebook_retravaill!K7 -> 19947.438 | J7: =MIN(G7,[1]Result_notebook_retravaill!I7) -> 0 | K7: =IF([1]Result_notebook_retravaill!I7>[1]Result_notebook_retravaill!G7,0,IF([1]Result_notebook_retravaill!I7+[1]Result_notebook_retravaill!J7>[1]Result_notebook_retravaill!G7,[1]Result_notebook_retravaill!G7-[1]Result_notebook_retravaill!I7,[1]Result_notebook_retravaill!J7)) -> 0 | L7: =IF([1]Result_notebook_retravaill!I7>[1]Result_notebook_retravaill!G7,0,IF([1]Result_notebook_retravaill!I7+[1]Result_notebook_retravaill!J7>[1]Result_notebook_retravaill!G7,0,[1]Result_notebook_retravaill!M7)) -> 8776.8729
A8: =[1]Result_notebook_retravaill!A8 -> 2025 | B8: =[1]Result_notebook_retravaill!B8 -> Cobalt | C8: =[1]Result_notebook_retravaill!C8 -> Current Measures | D8: =[1]Result_notebook_retravaill!D8 -> Existing production | E8: =[1]Result_notebook_retravaill!E8 -> Current shares | F8: =[1]Result_notebook_retravaill!F8 -> Status Quo | G8: =[1]Result_notebook_retravaill!G8 -> 8776.8729 | H8: =IF([1]Result_notebook_retravaill!I8>[1]Result_notebook_retravaill!G8,[1]Result_notebook_retravaill!I8/[1]Result_notebook_retravaill!N8,[1]Result_notebook_retravaill!H8) -> 3494 | I8: =[1]Result_notebook_retravaill!K8 -> 16453.438 | J8: =MIN(G8,[1]Result_notebook_retravaill!I8) -> 1482.0913 | K8: =IF([1]Result_notebook_retravaill!I8>[1]Result_notebook_retravaill!G8,0,IF([1]Result_notebook_retravaill!I8+[1]Result_notebook_retravaill!J8>[1]Result_notebook_retravaill!G8,[1]Result_notebook_retravaill!G8-[1]Result_notebook_retravaill!I8,[1]Result_notebook_retravaill!J8)) -> 52.985592 | L8: =IF([1]Result_notebook_retravaill!I8>[1]Result_notebook_retravaill!G8,0,IF([1]Result_notebook_retravaill!I8+[1]Result_notebook_retravaill!J8>[1]Result_notebook_retravaill!G8,0,[1]Result_notebook_retravaill!M8)) -> 7241.796
A9: =[1]Result_notebook_retravaill!A9 -> 2025 | B9: =[1]Result_notebook_retravaill!B9 -> Cobalt | C9: =[1]Result_notebook_retravaill!C9 -> Current Measures | D9: =[1]Result_notebook_retravaill!D9 -> Production potential | E9: =[1]Result_notebook_retravaill!E9 -> Current shares | F9: =[1]Result_notebook_retravaill!F9 -> Expansion Extractive | G9: =[1]Result_notebook_retravaill!G9 -> 8776.8729 | H9: =IF([1]Result_notebook_retravaill!I9>[1]Result_notebook_retravaill!G9,[1]Result_notebook_retravaill!I9/[1]Result_notebook_retravaill!N9,[1]Result_notebook_retravaill!H9) -> 3850.4061 | I9: =[1]Result_notebook_retravaill!K9 -> 16097.032 | J9: =MIN(G9,[1]Result_notebook_retravaill!I9) -> 1633.2723 | K9: =IF([1]Result_notebook_retravaill!I9>[1]Result_notebook_retravaill!G9,0,IF([1]Result_notebook_retravaill!I9+[1]Result_notebook_retravaill!J9>[1]Result_notebook_retravaill!G9,[1]Result_notebook_retravaill!G9-[1]Result_notebook_retravaill!I9,[1]Result_notebook_retravaill!J9)) -> 58.390396 | L9: =IF([1]Result_notebook_retravaill!I9>[1]Result_notebook_retravaill!G9,0,IF([1]Result_notebook_retravaill!I9+[1]Result_notebook_retravaill!J9>[1]Result_notebook_retravaill!G9,0,[1]Result_notebook_retravaill!M9)) -> 7085.2102
A10: =[1]Result_notebook_retravaill!A10 -> 2025 | B10: =[1]Result_notebook_retravaill!B10 -> Cobalt | C10: =[1]Result_notebook_retravaill!C10 -> Current Measures | D10: =[1]Result_notebook_retravaill!D10 -> Production potential | E10: =[1]Result_notebook_retravaill!E10 -> Current shares | F10: =[1]Result_notebook_retravaill!F10 -> Expansion Extractive+Circularity | G10: =[1]Result_notebook_retravaill!G10 -> 8776.8729 | H10: =IF([1]Result_notebook_retravaill!I10>[1]Result_notebook_retravaill!G10,[1]Result_notebook_retravaill!I10/[1]Result_notebook_retravaill!N10,[1]Result_notebook_retravaill!H10) -> 3850.4061 | I10: =[1]Result_notebook_retravaill!K10 -> 16097.032 | J10: =MIN(G10,[1]Result_notebook_retravaill!I10) -> 1633.2723 | K10: =IF([1]Result_notebook_retravaill!I10>[1]Result_notebook_retravaill!G10,0,IF([1]Result_notebook_retravaill!I10+[1]Result_notebook_retravaill!J10>[1]Result_notebook_retravaill!G10,[1]Result_notebook_retravaill!G10-[1]Result_notebook_retravaill!I10,[1]Result_notebook_retravaill!J10)) -> 58.390396 | L10: =IF([1]Result_notebook_retravaill!I10>[1]Result_notebook_retravaill!G10,0,IF([1]Result_notebook_retravaill!I10+[1]Result_notebook_retravaill!J10>[1]Result_notebook_retravaill!G10,0,[1]Result_notebook_retravaill!M10)) -> 7085.2102
A11: =[1]Result_notebook_retravaill!A11 -> 2025 | B11: =[1]Result_notebook_retravaill!B11 -> Cobalt | C11: =[1]Result_notebook_retravaill!C11 -> Current Measures | D11: =[1]Result_notebook_retravaill!D11 -> Production potential | E11: =[1]Result_notebook_retravaill!E11 -> 100% CAN | F11: =[1]Result_notebook_retravaill!F11 -> Integrated | G11: =[1]Result_notebook_retravaill!G11 -> 8776.8729 | H11: =IF([1]Result_notebook_retravaill!I11>[1]Result_notebook_retravaill!G11,[1]Result_notebook_retravaill!I11/[1]Result_notebook_retravaill!N11,[1]Result_notebook_retravaill!H11) -> 3850.4061 | I11: =[1]Result_notebook_retravaill!K11 -> 16097.032 | J11: =MIN(G11,[1]Result_notebook_retravaill!I11) -> 1691.6627 | K11: =IF([1]Result_notebook_retravaill!I11>[1]Result_notebook_retravaill!G11,0,IF([1]Result_notebook_retravaill!I11+[1]Result_notebook_retravaill!J11>[1]Result_notebook_retravaill!G11,[1]Result_notebook_retravaill!G11-[1]Result_notebook_retravaill!I11,[1]Result_notebook_retravaill!J11)) -> 0 | L11: =IF([1]Result_notebook_retravaill!I11>[1]Result_notebook_retravaill!G11,0,IF([1]Result_notebook_retravaill!I11+[1]Result_notebook_retravaill!J11>[1]Result_notebook_retravaill!G11,0,[1]Result_notebook_retravaill!M11)) -> 7085.2102
A12: =[1]Result_notebook_retravaill!A12 -> 2025 | B12: =[1]Result_notebook_retravaill!B12 -> Cobalt | C12: =[1]Result_notebook_retravaill!C12 -> Global Net-zero | D12: =[1]Result_notebook_retravaill!D12 -> Existing production | E12: =[1]Result_notebook_retravaill!E12 -> Current shares | F12: =[1]Result_notebook_retravaill!F12 -> NIMBY | G12: =[1]Result_notebook_retravaill!G12 -> 9422.7256 | H12: =IF([1]Result_notebook_retravaill!I12>[1]Result_notebook_retravaill!G12,[1]Result_notebook_retravaill!I12/[1]Result_notebook_retravaill!N12,[1]Result_notebook_retravaill!H12) -> 0 | I12: =[1]Result_notebook_retravaill!K12 -> 21415.285 | J12: =MIN(G12,[1]Result_notebook_retravaill!I12) -> 0 | K12: =IF([1]Result_notebook_retravaill!I12>[1]Result_notebook_retravaill!G12,0,IF([1]Result_notebook_retravaill!I12+[1]Result_notebook_retravaill!J12>[1]Result_notebook_retravaill!G12,[1]Result_notebook_retravaill!G12-[1]Result_notebook_retravaill!I12,[1]Result_notebook_retravaill!J12)) -> 0 | L12: =IF([1]Result_notebook_retravaill!I12>[1]Result_notebook_retravaill!G12,0,IF([1]Result_notebook_retravaill!I12+[1]Result_notebook_retravaill!J12>[1]Result_notebook_retravaill!G12,0,[1]Result_notebook_retravaill!M12)) -> 9422.7256
A13: =[1]Result_notebook_retravaill!A13 -> 2025 | B13: =[1]Result_notebook_retravaill!B13 -> Cobalt | C13: =[1]Result_notebook_retravaill!C13 -> Global Net-zero | D13: =[1]Result_notebook_retravaill!D13 -> Existing production | E13: =[1]Result_notebook_retravaill!E13 -> Current shares | F13: =[1]Result_notebook_retravaill!F13 -> Status Quo | G13: =[1]Result_notebook_retravaill!G13 -> 9422.7256 | H13: =IF([1]Result_notebook_retravaill!I13>[1]Result_notebook_retravaill!G13,[1]Result_notebook_retravaill!I13/[1]Result_notebook_retravaill!N13,[1]Result_notebook_retravaill!H13) -> 3494 | I13: =[1]Result_notebook_retravaill!K13 -> 17921.285 | J13: =MIN(G13,[1]Result_notebook_retravaill!I13) -> 1482.0913 | K13: =IF([1]Result_notebook_retravaill!I13>[1]Result_notebook_retravaill!G13,0,IF([1]Result_notebook_retravaill!I13+[1]Result_notebook_retravaill!J13>[1]Result_notebook_retravaill!G13,[1]Result_notebook_retravaill!G13-[1]Result_notebook_retravaill!I13,[1]Result_notebook_retravaill!J13)) -> 52.985592 | L13: =IF([1]Result_notebook_retravaill!I13>[1]Result_notebook_retravaill!G13,0,IF([1]Result_notebook_retravaill!I13+[1]Result_notebook_retravaill!J13>[1]Result_notebook_retravaill!G13,0,[1]Result_notebook_retravaill!M13)) -> 7887.6487
... A1441: =[1]Result_notebook_retravaill!A1441 -> 2040 | B1441: =[1]Result_notebook_retravaill!B1441 -> Lithium | C1441: =[1]Result_notebook_retravaill!C1441 -> Global Net-zero | D1441: =[1]Result_notebook_retravaill!D1441 -> Production potential | E1441: =[1]Result_notebook_retravaill!E1441 -> 100% CAN | F1441: =[1]Result_notebook_retravaill!F1441 -> Integrated | G1441: =[1]Result_notebook_retravaill!G1441 -> 82859.957 | H1441: =IF([1]Result_notebook_retravaill!I1441>[1]Result_notebook_retravaill!G1441,[1]Result_notebook_retravaill!I1441/[1]Result_notebook_retravaill!N1441,[1]Result_notebook_retravaill!H1441) -> 546435 | I1441: =[1]Result_notebook_retravaill!K1441 -> 0 | J1441: =MIN(G1441,[1]Result_notebook_retravaill!I1441) -> 82859.957 | K1441: =IF([1]Result_notebook_retravaill!I1441>[1]Result_notebook_retravaill!G1441,0,IF([1]Result_notebook_retravaill!I1441+[1]Result_notebook_retravaill!J1441>[1]Result_notebook_retravaill!G1441,[1]Result_notebook_retravaill!G1441-[1]Result_notebook_retravaill!I1441,[1]Result_notebook_retravaill!J1441)) -> 0 | L1441: =IF([1]Result_notebook_retravaill!I1441>[1]Result_notebook_retravaill!G1441,0,IF([1]Result_notebook_retravaill!I1441+[1]Result_notebook_retravaill!J1441>[1]Result_notebook_retravaill!G1441,0,[1]Result_notebook_retravaill!M1441)) -> 0

Sheet Env_LCA
A1: Commodity | B1: Geography | C1: Reference point | D1: Details | E1: Total EQ (PDF.m2.yr) | F1: Total HH (DALY)
A2: Cobalt | B2: CAN | C2: Mining | D2: Co mining CA | E2: 0.023870721 | F2: 2.3523887e-07
A3: Cobalt | B3: World | C3: Mining | D3: Co mining World | E3: 0.07536993 | F3: 7.4668348e-07
A4: Cobalt | B4: CAN | C4: Refining | D4: Co refining CA | E4: 8.3187842 | F4: 7.6922633e-05
A5: Cobalt | B5: World | C5: Refining | D5: Co refining World | E5: 8.8566554 | F5: 8.1761708e-05
A6: Copper | B6: CAN | C6: Mining | D6: Cu mining CA | E6: 9.1068394 | F6: 7.7077373e-06
A7: Copper | B7: World | C7: Mining | D7: Cu mining World | E7: 6.4819315 | F7: 8.0919625e-06
A8: Copper | B8: CAN | C8: Mining+refining | D8: Cu mining+refining CA | E8: 47.250492 | F8: 3.5687185e-05
A9: Copper | B9: World | C9: Mining+refining | D9: Cu mining+refining World | E9: 49.587501 | F9: 5.7583379e-05
A10: Copper | B10: CAN | C10: Refining | D10: Cu refining CA | E10: =E8-E6 -> 38.143652 | F10: =F8-F6 -> 2.7979448e-05
A11: Copper | B11: World | C11: Refining | D11: Cu refining World | E11: =E9-E7 -> 43.105569 | F11: =F9-F7 -> 4.9491417e-05
A12: Nickel | B12: CAN | C12: Mining | D12: Ni mining CA | E12: 0.35636318 | F12: 3.4405752e-06
A13: Nickel | B13: World | C13: Mining | D13: Ni mining World | E13: 0.4634598 | F13: 4.4518597e-06
A14: Nickel | B14: CAN | C14: Refining | D14: Ni refining CA | E14: 3.3971948 | F14: 3.2433298e-05
A15: Nickel | B15: World | C15: Refining | D15: Ni refining World | E15: 3.8103729 | F15: 3.6154743e-05
A16: Cobalt | D16: Refining CAN (mining CAN) | E16: =E2+E4 -> 8.3426549 | F16: =F2+F4 -> 7.7157872e-05
A17: Cobalt | D17: Refining RoW (mining CAN) | E17: =E2+E5 -> 8.8805261 | F17: =F2+F5 -> 8.1996947e-05
A18: Cobalt | D18: Refining RoW (mining RoW) | E18: =E3+E5 -> 8.9320253 | F18: =F3+F5 -> 8.2508392e-05
A19: Copper | D19: Refining CAN (mining CAN) | E19: =E6+E10 -> 47.250492 | F19: =F6+F10 -> 3.5687185e-05
A20: Copper | D20: Refining RoW (mining CAN) | E20: =E6+E11 -> 52.212409 | F20: =F6+F11 -> 5.7199154e-05
A21: Copper | D21: Refining RoW (mining RoW) | E21: =E7+E11 -> 49.587501 | F21: =F7+F11 -> 5.7583379e-05
A22: Nickel | D22: Refining CAN (mining CAN) | E22: =E12+E14 -> 3.753558 | F22: =F12+F14 -> 3.5873873e-05
A23: Nickel | D23: Refining RoW (mining CAN) | E23: =E12+E15 -> 4.1667361 | F23: =F12+F15 -> 3.9595318e-05
A24: Nickel | D24: Refining RoW (mining RoW) | E24: =E13+E15 -> 4.2738327 | F24: =F13+F15 -> 4.0606603e-05

Sheet Social_eco_LCA
A1: Metal | B1: Details | C1: 1 Labor rights & decent work | D1: 2 Health & safety | E1: 3 Society | F1: Employment (Global) (full time job equivalent/CAD) | G1: IO multiplier (Global economy) | H1: Labor rights & decent work (physique) | I1: Health & safety (physique) | J1: Society (physique) | K1: Employment (physique) | L1: IO multiplier (physique)
A2: Copper | B2: Refining CAN (mining CAN) | C2: 0.020477232 | D2: 0.037015185 | E2: 0.012004565 | F2: 1.2922634e-05 | G2: 1.8755279 | H2: =C2*Prices!$F$3 -> 0.19781006 | I2: =D2*Prices!$F$3 -> 0.35756668 | J2: =E2*Prices!$F$3 -> 0.1159641 | K2: =F2*Prices!$E$3 -> 7.7535801e-05 | L2: =G2*Prices!$E$3 -> 11.253167
A3: Copper | B3: Refining RoW (mining CAN) | C3: 0.033926065 | D3: 0.06138816 | E3: 0.023425078 | F3: 3.4524795e-05 | G3: 1.8284452 | H3: =C3*Prices!$F$3 -> 0.32772579 | I3: =D3*Prices!$F$3 -> 0.59300962 | J3: =E3*Prices!$F$3 -> 0.22628625 | K3: =F3*Prices!$E$3 -> 0.00020714877 | L3: =G3*Prices!$E$3 -> 10.970671
A4: Copper | B4: Refining RoW (mining RoW) | C4: 0.059104843 | D4: 0.098069109 | E4: 0.051630074 | F4: 0.00012268936 | G4: 1.9627219 | H4: =C4*Prices!$F$3 -> 0.57095278 | I4: =D4*Prices!$F$3 -> 0.94734759 | J4: =E4*Prices!$F$3 -> 0.49874652 | K4: =F4*Prices!$E$3 -> 0.00073613618 | L4: =G4*Prices!$E$3 -> 11.776331
A5: Nickel | B5: Refining CAN (mining CAN) | C5: 0.020477232 | D5: 0.037015185 | E5: 0.012004565 | F5: 1.0514637e-05 | G5: 1.5635118 | H5: =C5*Prices!$F$4 -> 0.44693607 | I5: =D5*Prices!$F$4 -> 0.80789342 | J5: =E5*Prices!$F$4 -> 0.26201163 | K5: =I5*Prices!$E$4 -> 10.952225 | L5: =J5*Prices!$E$4 -> 3.5519664
A6: Nickel | B6: Refining RoW (mining CAN) | C6: 0.033926065 | D6: 0.06138816 | E6: 0.023425078 | F6: 3.1626943e-05 | G6: 1.7415753 | H6: =C6*Prices!$F$4 -> 0.7404703 | I6: =D6*Prices!$F$4 -> 1.339858 | J6: =E6*Prices!$F$4 -> 0.51127575 | K6: =I6*Prices!$E$4 -> 18.163814 | L6: =J6*Prices!$E$4 -> 6.9311208
A7: Nickel | B7: Refining RoW (mining RoW) | C7: 0.11100904 | D7: 0.24762544 | E7: 0.090908396 | F7: 9.0193042e-05 | G7: 1.7843526 | H7: =C7*Prices!$F$4 -> 2.4228833 | I7: =D7*Prices!$F$4 -> 5.4046728 | J7: =E7*Prices!$F$4 -> 1.9841666 | K7: =I7*Prices!$E$4 -> 73.268565 | L7: =J7*Prices!$E$4 -> 26.898398
A8: Cobalt | B8: Refining CAN (mining CAN) | C8: 0.020477232 | D8: 0.037015185 | E8: 0.012004565 | F8: 1.0514637e-05 | G8: 1.5635118 | H8: =C8*Prices!$F$2 -> 0.26773473 | I8: =D8*Prices!$F$2 -> 0.48396435 | J8: =E8*Prices!$F$2 -> 0.1569567 | K8: =F8*Prices!$E$2 -> 8.5388987e-05 | L8: =G8*Prices!$E$2 -> 12.697223
A9: Cobalt | B9: Refining RoW (mining CAN) | C9: 0.073086445 | D9: 0.13756286 | E9: 0.058342584 | F9: 1.9757133e-05 | G9: 1.5875502 | H9: =C9*Prices!$F$2 -> 0.95558712 | I9: =D9*Prices!$F$2 -> 1.7986002 | J9: =E9*Prices!$F$2 -> 0.76281481 | K9: =F9*Prices!$E$2 -> 0.00016044696 | L9: =G9*Prices!$E$2 -> 12.892438
A10: Cobalt | B10: Refining RoW (mining RoW) | C10: 0.084570833 | D10: 0.15612414 | E10: 0.068073156 | F10: 0.00014266468 | G10: 1.9978898 | H10: =C10*Prices!$F$2 -> 1.1057427 | I10: =D10*Prices!$F$2 -> 2.0412844 | J10: =E10*Prices!$F$2 -> 0.89003962 | K10: =F10*Prices!$E$2 -> 0.0011585747 | L10: =G10*Prices!$E$2 -> 16.22479

Sheet Prices
A1: Commodity name | B1: Commodity | C1: Price (USD/kg) | D1: Source | E1: Price (€/kg) | F1: Price (CAD/kg)
A2: (CoSO4) Cobalt; mattes and other intermediate products of cobalt metallurgy, unwrought cobalt, powders | B2: Co | C2: 9.3391084 | D2: Lai et al. 2025 | E2: =C2*(1/1.15) -> 8.1209639 | F2: =C2*1.4 -> 13.074752
A3: Copper; refined, unwrought | B3: Cu | C3: 6.9 | D3: Lai et al. 2025 | E3: =C3*(1/1.15) -> 6 | F3: =C3*1.4 -> 9.66
A4: Nickel; unwrought, not alloyed | B4: Ni | C4: 15.59 | D4: Lai et al. 2025 | E4: =C4*(1/1.15) -> 13.556522 | F4: =C4*1.4 -> 21.826

Sheet E-LCI
A1: INVENTORIES = {
A2: # Mining
A3: ## CA
A4: "Cu mining CA": ("copper mine operation and beneficiation, sulfide ore", "copper concentrate, sulfide ore", 'CA'),
A5: "Ni mining CA": ("nickel mine operation and benefication to nickel concentrate, 16% Ni", "nickel concentrate, 16% Ni", "CA-QC"),
A6: "Co mining CA": ("copper-cobalt mining, industrial, economic allocation", "copper-cobalt ore", 'CA'),
A8: ## World
A9: "Cu mining World": ("market for copper concentrate, sulfide ore", "copper concentrate, sulfide ore", 'World'),
A10: "Ni mining World": ("market for nickel concentrate, 16% Ni", "nickel concentrate, 16% Ni", 'World'),
A11: "Co mining World": ("market for copper-cobalt ore", "copper-cobalt ore", 'World'),
A13: # Refining or Mining+refining
A14: ## CA
... A24: }
