Workbook

Sheet README
A1: Title of the article | B1: Supplementary Information for ''A Macro-LCSA framework for sectoral sustainability assessment: application to metal supply chains in Canada"
A2: Authors | B2: Marin Pellan¹, Maxime Agez1, Sara Russo-Garrido¹, Anne de Bortoli1,2,3
A3: Affiliations | B3: ¹CIRAIG, Ecole Polytechnique de Montréal, P.O. Box 6079, Montréal, H3C 3A7, Québec, Canada 2CIRAIG, Université du Québec à Montréal, C.P. 8888, succ. Centre-ville. Montréal (Québec) H3C 3P8, Québec, Canada 3LVMT, Ecole des Ponts ParisTech, Cité Descartes, 6-8 Avenue Blaise Pascal, Champs-sur-Marne, 77420, France
A4: Corresponding author | B4: pellan.marin@gmail.com
A5: Journal
A6: Date | B6: 46163
A7: Purpose and scope
A11: TAB | B11: DESCRIPTION | C11: COMMENT
A12: SUPPLY | B12: Description of the supply scenarios created, and their associated production scenarios
A13: DEMAND | B13: Results of the demand scenarios (CER) with metal intensity | C13: Attention valeurs Gr commence à 2024
A14: PRODUCTION | B14: CCI production scenarios, with production yield +
A15: Result_notebook | B15: Combination to assess mining and refining volumes in CAN and RoW for impact assessment calculations | C15: Year from 2025 to 2040
A17: Result_notebook_retravaill | B17: On ajoute Refining RoW (mining CA) et Refining RoW (mining RoW)
A20: ## Canada
A21: "Cu refining CA": ("copper production, cathode, solvent extraction and electrowinning process", "copper, cathode", 'CA'), | B21: mining+refining
A22: "Ni refining CA": ("processing of nickel-rich materials", "nickel, class 1", 'CA'), | B22: refining
A23: "Li refining CA": ("lithium carbonate production, from spodumene", "lithium carbonate", 'CA'), | B23: refining
A24: "Co refining CA": ("cobalt sulfate production, from copper mining, economic allocation", "cobalt sulfate", 'CA'), | B24: refining
A25: "C refining CA": ("synthetic graphite production, battery grade", "synthetic graphite, battery grade", 'CA'),
A26: "Nd refining CA": ("rare earth oxides production, from rare earth carbonate concentrate", "neodymium oxide", 'CA'), | B26: refining
A28: ## World
A29: "Cu refining World": ("market for copper, cathode", "copper, cathode", 'World'),
A30: "Ni refining World": ("market for nickel, class 1", "nickel, class 1", 'World'), | B30: Changer pour market for nickel-rich materials
A31: "Li refining World": ("lithium (Li) global market", "li commodities", 'GLO'),
A32: "Co refining World": ("market for cobalt sulfate", "cobalt sulfate", 'World'),
A33: "C refining World": ("synthetic graphite production, battery grade", "synthetic graphite, battery grade", 'CN'),
A34: "Nd refining World": ("rare earth oxides production, from rare earth carbonate concentrate", "neodymium oxide", 'CN'),
A35: #"Nd refining World": ("neodymium (Nd) global market", "nd oxide (Nd2O3)", 'GLO'),
A43: copper production, cathode, solvent extraction and electrowinning process

Sheet Data_to_couple_w_LCI
A1: Year | B1: Metal | C1: Demand scenario CER | D1: Production scenario CCI | E1: Production scenario CCI|Refining CAN share | F1: Supply scenario | G1: Demand_value_t | H1: Mining CAN | I1: Mining RoW | J1: Refining CAN (mining CAN) | K1: Refining RoW (mining CAN) | L1: Refining RoW (mining RoW) | M1: Verif | N1: Verif mining
A2: =Result_notebook_retravaill!A2 -> 2025 | B2: =Result_notebook_retravaill!B2 -> Cobalt | C2: =Result_notebook_retravaill!C2 -> Canada Net-zero | D2: =Result_notebook_retravaill!D2 -> Existing production | E2: =Result_notebook_retravaill!E2 -> Current shares | F2: =Result_notebook_retravaill!F2 -> NIMBY | G2: =Result_notebook_retravaill!G2 -> 9556.3204 | H2: =IF(Result_notebook_retravaill!I2>Result_notebook_retravaill!G2,Result_notebook_retravaill!I2/Result_notebook_retravaill!N2,Result_notebook_retravaill!H2) -> 0 | I2: =Result_notebook_retravaill!K2 -> 21718.91 | J2: =MIN(G2,Result_notebook_retravaill!I2) -> 0 | K2: =IF(Result_notebook_retravaill!I2>Result_notebook_retravaill!G2,0,IF(Result_notebook_retravaill!I2+Result_notebook_retravaill!J2>Result_notebook_retravaill!G2,Result_notebook_retravaill!G2-Result_notebook_retravaill!I2,Result_notebook_retravaill!J2)) -> 0 | L2: =IF(Result_notebook_retravaill!I2>Result_notebook_retravaill!G2,0,IF(Result_notebook_retravaill!I2+Result_notebook_retravaill!J2>Result_notebook_retravaill!G2,0,Result_notebook_retravaill!M2)) -> 9556.3204 | M2: =SUM(J2:L2)-G2 -> 0
A3: =Result_notebook_retravaill!A3 -> 2025 | B3: =Result_notebook_retravaill!B3 -> Cobalt | C3: =Result_notebook_retravaill!C3 -> Canada Net-zero | D3: =Result_notebook_retravaill!D3 -> Existing production | E3: =Result_notebook_retravaill!E3 -> Current shares | F3: =Result_notebook_retravaill!F3 -> Status Quo | G3: =Result_notebook_retravaill!G3 -> 9556.3204 | H3: =IF(Result_notebook_retravaill!I3>Result_notebook_retravaill!G3,Result_notebook_retravaill!I3/Result_notebook_retravaill!N3,Result_notebook_retravaill!H3) -> 3494 | I3: =Result_notebook_retravaill!K3 -> 18224.91 | J3: =MIN(G3,Result_notebook_retravaill!I3) -> 1482.0913 | K3: =IF(Result_notebook_retravaill!I3>Result_notebook_retravaill!G3,0,IF(Result_notebook_retravaill!I3+Result_notebook_retravaill!J3>Result_notebook_retravaill!G3,Result_notebook_retravaill!G3-Result_notebook_retravaill!I3,Result_notebook_retravaill!J3)) -> 52.985592 | L3: =IF(Result_notebook_retravaill!I3>Result_notebook_retravaill!G3,0,IF(Result_notebook_retravaill!I3+Result_notebook_retravaill!J3>Result_notebook_retravaill!G3,0,Result_notebook_retravaill!M3)) -> 8021.2435 | M3: =SUM(J3:L3)-G3 -> 0
A4: =Result_notebook_retravaill!A4 -> 2025 | B4: =Result_notebook_retravaill!B4 -> Cobalt | C4: =Result_notebook_retravaill!C4 -> Canada Net-zero | D4: =Result_notebook_retravaill!D4 -> Production potential | E4: =Result_notebook_retravaill!E4 -> Current shares | F4: =Result_notebook_retravaill!F4 -> Expansion Extractive | G4: =Result_notebook_retravaill!G4 -> 9556.3204 | H4: =IF(Result_notebook_retravaill!I4>Result_notebook_retravaill!G4,Result_notebook_retravaill!I4/Result_notebook_retravaill!N4,Result_notebook_retravaill!H4) -> 3850.4061 | I4: =Result_notebook_retravaill!K4 -> 17868.504 | J4: =MIN(G4,Result_notebook_retravaill!I4) -> 1633.2723 | K4: =IF(Result_notebook_retravaill!I4>Result_notebook_retravaill!G4,0,IF(Result_notebook_retravaill!I4+Result_notebook_retravaill!J4>Result_notebook_retravaill!G4,Result_notebook_retravaill!G4-Result_notebook_retravaill!I4,Result_notebook_retravaill!J4)) -> 58.390396 | L4: =IF(Result_notebook_retravaill!I4>Result_notebook_retravaill!G4,0,IF(Result_notebook_retravaill!I4+Result_notebook_retravaill!J4>Result_notebook_retravaill!G4,0,Result_notebook_retravaill!M4)) -> 7864.6577 | M4: =SUM(J4:L4)-G4 -> 0
A5: =Result_notebook_retravaill!A5 -> 2025 | B5: =Result_notebook_retravaill!B5 -> Cobalt | C5: =Result_notebook_retravaill!C5 -> Canada Net-zero | D5: =Result_notebook_retravaill!D5 -> Production potential | E5: =Result_notebook_retravaill!E5 -> Current shares | F5: =Result_notebook_retravaill!F5 -> Expansion Extractive+Circularity | G5: =Result_notebook_retravaill!G5 -> 9556.3204 | H5: =IF(Result_notebook_retravaill!I5>Result_notebook_retravaill!G5,Result_notebook_retravaill!I5/Result_notebook_retravaill!N5,Result_notebook_retravaill!H5) -> 3850.4061 | I5: =Result_notebook_retravaill!K5 -> 17868.504 | J5: =MIN(G5,Result_notebook_retravaill!I5) -> 1633.2723 | K5: =IF(Result_notebook_retravaill!I5>Result_notebook_retravaill!G5,0,IF(Result_notebook_retravaill!I5+Result_notebook_retravaill!J5>Result_notebook_retravaill!G5,Result_notebook_retravaill!G5-Result_notebook_retravaill!I5,Result_notebook_retravaill!J5)) -> 58.390396 | L5: =IF(Result_notebook_retravaill!I5>Result_notebook_retravaill!G5,0,IF(Result_notebook_retravaill!I5+Result_notebook_retravaill!J5>Result_notebook_retravaill!G5,0,Result_notebook_retravaill!M5)) -> 7864.6577 | M5: =SUM(J5:L5)-G5 -> 0
A6: =Result_notebook_retravaill!A6 -> 2025 | B6: =Result_notebook_retravaill!B6 -> Cobalt | C6: =Result_notebook_retravaill!C6 -> Canada Net-zero | D6: =Result_notebook_retravaill!D6 -> Production potential | E6: =Result_notebook_retravaill!E6 -> 100% CAN | F6: =Result_notebook_retravaill!F6 -> Integrated | G6: =Result_notebook_retravaill!G6 -> 9556.3204 | H6: =IF(Result_notebook_retravaill!I6>Result_notebook_retravaill!G6,Result_notebook_retravaill!I6/Result_notebook_retravaill!N6,Result_notebook_retravaill!H6) -> 3850.4061 | I6: =Result_notebook_retravaill!K6 -> 17868.504 | J6: =MIN(G6,Result_notebook_retravaill!I6) -> 1691.6627 | K6: =IF(Result_notebook_retravaill!I6>Result_notebook_retravaill!G6,0,IF(Result_notebook_retravaill!I6+Result_notebook_retravaill!J6>Result_notebook_retravaill!G6,Result_notebook_retravaill!G6-Result_notebook_retravaill!I6,Result_notebook_retravaill!J6)) -> 0 | L6: =IF(Result_notebook_retravaill!I6>Result_notebook_retravaill!G6,0,IF(Result_notebook_retravaill!I6+Result_notebook_retravaill!J6>Result_notebook_retravaill!G6,0,Result_notebook_retravaill!M6)) -> 7864.6577 | M6: =SUM(J6:L6)-G6 -> 0
A7: =Result_notebook_retravaill!A7 -> 2025 | B7: =Result_notebook_retravaill!B7 -> Cobalt | C7: =Result_notebook_retravaill!C7 -> Current Measures | D7: =Result_notebook_retravaill!D7 -> Existing production | E7: =Result_notebook_retravaill!E7 -> Current shares | F7: =Result_notebook_retravaill!F7 -> NIMBY | G7: =Result_notebook_retravaill!G7 -> 8776.8729 | H7: =IF(Result_notebook_retravaill!I7>Result_notebook_retravaill!G7,Result_notebook_retravaill!I7/Result_notebook_retravaill!N7,Result_notebook_retravaill!H7) -> 0 | I7: =Result_notebook_retravaill!K7 -> 19947.438 | J7: =MIN(G7,Result_notebook_retravaill!I7) -> 0 | K7: =IF(Result_notebook_retravaill!I7>Result_notebook_retravaill!G7,0,IF(Result_notebook_retravaill!I7+Result_notebook_retravaill!J7>Result_notebook_retravaill!G7,Result_notebook_retravaill!G7-Result_notebook_retravaill!I7,Result_notebook_retravaill!J7)) -> 0 | L7: =IF(Result_notebook_retravaill!I7>Result_notebook_retravaill!G7,0,IF(Result_notebook_retravaill!I7+Result_notebook_retravaill!J7>Result_notebook_retravaill!G7,0,Result_notebook_retravaill!M7)) -> 8776.8729 | M7: =SUM(J7:L7)-G7 -> 0
A8: =Result_notebook_retravaill!A8 -> 2025 | B8: =Result_notebook_retravaill!B8 -> Cobalt | C8: =Result_notebook_retravaill!C8 -> Current Measures | D8: =Result_notebook_retravaill!D8 -> Existing production | E8: =Result_notebook_retravaill!E8 -> Current shares | F8: =Result_notebook_retravaill!F8 -> Status Quo | G8: =Result_notebook_retravaill!G8 -> 8776.8729 | H8: =IF(Result_notebook_retravaill!I8>Result_notebook_retravaill!G8,Result_notebook_retravaill!I8/Result_notebook_retravaill!N8,Result_notebook_retravaill!H8) -> 3494 | I8: =Result_notebook_retravaill!K8 -> 16453.438 | J8: =MIN(G8,Result_notebook_retravaill!I8) -> 1482.0913 | K8: =IF(Result_notebook_retravaill!I8>Result_notebook_retravaill!G8,0,IF(Result_notebook_retravaill!I8+Result_notebook_retravaill!J8>Result_notebook_retravaill!G8,Result_notebook_retravaill!G8-Result_notebook_retravaill!I8,Result_notebook_retravaill!J8)) -> 52.985592 | L8: =IF(Result_notebook_retravaill!I8>Result_notebook_retravaill!G8,0,IF(Result_notebook_retravaill!I8+Result_notebook_retravaill!J8>Result_notebook_retravaill!G8,0,Result_notebook_retravaill!M8)) -> 7241.796 | M8: =SUM(J8:L8)-G8 -> 0
A9: =Result_notebook_retravaill!A9 -> 2025 | B9: =Result_notebook_retravaill!B9 -> Cobalt | C9: =Result_notebook_retravaill!C9 -> Current Measures | D9: =Result_notebook_retravaill!D9 -> Production potential | E9: =Result_notebook_retravaill!E9 -> Current shares | F9: =Result_notebook_retravaill!F9 -> Expansion Extractive | G9: =Result_notebook_retravaill!G9 -> 8776.8729 | H9: =IF(Result_notebook_retravaill!I9>Result_notebook_retravaill!G9,Result_notebook_retravaill!I9/Result_notebook_retravaill!N9,Result_notebook_retravaill!H9) -> 3850.4061 | I9: =Result_notebook_retravaill!K9 -> 16097.032 | J9: =MIN(G9,Result_notebook_retravaill!I9) -> 1633.2723 | K9: =IF(Result_notebook_retravaill!I9>Result_notebook_retravaill!G9,0,IF(Result_notebook_retravaill!I9+Result_notebook_retravaill!J9>Result_notebook_retravaill!G9,Result_notebook_retravaill!G9-Result_notebook_retravaill!I9,Result_notebook_retravaill!J9)) -> 58.390396 | L9: =IF(Result_notebook_retravaill!I9>Result_notebook_retravaill!G9,0,IF(Result_notebook_retravaill!I9+Result_notebook_retravaill!J9>Result_notebook_retravaill!G9,0,Result_notebook_retravaill!M9)) -> 7085.2102 | M9: =SUM(J9:L9)-G9 -> 0
A10: =Result_notebook_retravaill!A10 -> 2025 | B10: =Result_notebook_retravaill!B10 -> Cobalt | C10: =Result_notebook_retravaill!C10 -> Current Measures | D10: =Result_notebook_retravaill!D10 -> Production potential | E10: =Result_notebook_retravaill!E10 -> Current shares | F10: =Result_notebook_retravaill!F10 -> Expansion Extractive+Circularity | G10: =Result_notebook_retravaill!G10 -> 8776.8729 | H10: =IF(Result_notebook_retravaill!I10>Result_notebook_retravaill!G10,Result_notebook_retravaill!I10/Result_notebook_retravaill!N10,Result_notebook_retravaill!H10) -> 3850.4061 | I10: =Result_notebook_retravaill!K10 -> 16097.032 | J10: =MIN(G10,Result_notebook_retravaill!I10) -> 1633.2723 | K10: =IF(Result_notebook_retravaill!I10>Result_notebook_retravaill!G10,0,IF(Result_notebook_retravaill!I10+Result_notebook_retravaill!J10>Result_notebook_retravaill!G10,Result_notebook_retravaill!G10-Result_notebook_retravaill!I10,Result_notebook_retravaill!J10)) -> 58.390396 | L10: =IF(Result_notebook_retravaill!I10>Result_notebook_retravaill!G10,0,IF(Result_notebook_retravaill!I10+Result_notebook_retravaill!J10>Result_notebook_retravaill!G10,0,Result_notebook_retravaill!M10)) -> 7085.2102 | M10: =SUM(J10:L10)-G10 -> 0
A11: =Result_notebook_retravaill!A11 -> 2025 | B11: =Result_notebook_retravaill!B11 -> Cobalt | C11: =Result_notebook_retravaill!C11 -> Current Measures | D11: =Result_notebook_retravaill!D11 -> Production potential | E11: =Result_notebook_retravaill!E11 -> 100% CAN | F11: =Result_notebook_retravaill!F11 -> Integrated | G11: =Result_notebook_retravaill!G11 -> 8776.8729 | H11: =IF(Result_notebook_retravaill!I11>Result_notebook_retravaill!G11,Result_notebook_retravaill!I11/Result_notebook_retravaill!N11,Result_notebook_retravaill!H11) -> 3850.4061 | I11: =Result_notebook_retravaill!K11 -> 16097.032 | J11: =MIN(G11,Result_notebook_retravaill!I11) -> 1691.6627 | K11: =IF(Result_notebook_retravaill!I11>Result_notebook_retravaill!G11,0,IF(Result_notebook_retravaill!I11+Result_notebook_retravaill!J11>Result_notebook_retravaill!G11,Result_notebook_retravaill!G11-Result_notebook_retravaill!I11,Result_notebook_retravaill!J11)) -> 0 | L11: =IF(Result_notebook_retravaill!I11>Result_notebook_retravaill!G11,0,IF(Result_notebook_retravaill!I11+Result_notebook_retravaill!J11>Result_notebook_retravaill!G11,0,Result_notebook_retravaill!M11)) -> 7085.2102 | M11: =SUM(J11:L11)-G11 -> 0
A12: =Result_notebook_retravaill!A12 -> 2025 | B12: =Result_notebook_retravaill!B12 -> Cobalt | C12: =Result_notebook_retravaill!C12 -> Global Net-zero | D12: =Result_notebook_retravaill!D12 -> Existing production | E12: =Result_notebook_retravaill!E12 -> Current shares | F12: =Result_notebook_retravaill!F12 -> NIMBY | G12: =Result_notebook_retravaill!G12 -> 9422.7256 | H12: =IF(Result_notebook_retravaill!I12>Result_notebook_retravaill!G12,Result_notebook_retravaill!I12/Result_notebook_retravaill!N12,Result_notebook_retravaill!H12) -> 0 | I12: =Result_notebook_retravaill!K12 -> 21415.285 | J12: =MIN(G12,Result_notebook_retravaill!I12) -> 0 | K12: =IF(Result_notebook_retravaill!I12>Result_notebook_retravaill!G12,0,IF(Result_notebook_retravaill!I12+Result_notebook_retravaill!J12>Result_notebook_retravaill!G12,Result_notebook_retravaill!G12-Result_notebook_retravaill!I12,Result_notebook_retravaill!J12)) -> 0 | L12: =IF(Result_notebook_retravaill!I12>Result_notebook_retravaill!G12,0,IF(Result_notebook_retravaill!I12+Result_notebook_retravaill!J12>Result_notebook_retravaill!G12,0,Result_notebook_retravaill!M12)) -> 9422.7256 | M12: =SUM(J12:L12)-G12 -> 0
A13: =Result_notebook_retravaill!A13 -> 2025 | B13: =Result_notebook_retravaill!B13 -> Cobalt | C13: =Result_notebook_retravaill!C13 -> Global Net-zero | D13: =Result_notebook_retravaill!D13 -> Existing production | E13: =Result_notebook_retravaill!E13 -> Current shares | F13: =Result_notebook_retravaill!F13 -> Status Quo | G13: =Result_notebook_retravaill!G13 -> 9422.7256 | H13: =IF(Result_notebook_retravaill!I13>Result_notebook_retravaill!G13,Result_notebook_retravaill!I13/Result_notebook_retravaill!N13,Result_notebook_retravaill!H13) -> 3494 | I13: =Result_notebook_retravaill!K13 -> 17921.285 | J13: =MIN(G13,Result_notebook_retravaill!I13) -> 1482.0913 | K13: =IF(Result_notebook_retravaill!I13>Result_notebook_retravaill!G13,0,IF(Result_notebook_retravaill!I13+Result_notebook_retravaill!J13>Result_notebook_retravaill!G13,Result_notebook_retravaill!G13-Result_notebook_retravaill!I13,Result_notebook_retravaill!J13)) -> 52.985592 | L13: =IF(Result_notebook_retravaill!I13>Result_notebook_retravaill!G13,0,IF(Result_notebook_retravaill!I13+Result_notebook_retravaill!J13>Result_notebook_retravaill!G13,0,Result_notebook_retravaill!M13)) -> 7887.6487 | M13: =SUM(J13:L13)-G13 -> 0
... A1441: =Result_notebook_retravaill!A1441 -> 2040 | B1441: =Result_notebook_retravaill!B1441 -> Lithium | C1441: =Result_notebook_retravaill!C1441 -> Global Net-zero | D1441: =Result_notebook_retravaill!D1441 -> Production potential | E1441: =Result_notebook_retravaill!E1441 -> 100% CAN | F1441: =Result_notebook_retravaill!F1441 -> Integrated | G1441: =Result_notebook_retravaill!G1441 -> 82859.957 | H1441: =IF(Result_notebook_retravaill!I1441>Result_notebook_retravaill!G1441,Result_notebook_retravaill!I1441/Result_notebook_retravaill!N1441,Result_notebook_retravaill!H1441) -> 546435 | I1441: =Result_notebook_retravaill!K1441 -> 0 | J1441: =MIN(G1441,Result_notebook_retravaill!I1441) -> 82859.957 | K1441: =IF(Result_notebook_retravaill!I1441>Result_notebook_retravaill!G1441,0,IF(Result_notebook_retravaill!I1441+Result_notebook_retravaill!J1441>Result_notebook_retravaill!G1441,Result_notebook_retravaill!G1441-Result_notebook_retravaill!I1441,Result_notebook_retravaill!J1441)) -> 0 | L1441: =IF(Result_notebook_retravaill!I1441>Result_notebook_retravaill!G1441,0,IF(Result_notebook_retravaill!I1441+Result_notebook_retravaill!J1441>Result_notebook_retravaill!G1441,0,Result_notebook_retravaill!M1441)) -> 0 | M1441: =SUM(J1441:L1441)-G1441 -> 0

Sheet Result_notebook_retravaill
A1: Year | B1: Metal | C1: Demand scenario CER | D1: Production scenario CCI | E1: Production scenario CCI|Refining CAN share | F1: Supply scenario | G1: Demand_value_t | H1: Mining CA | I1: Refining CA (mining CA) | J1: Refining RoW (mining CA) | K1: Mining RoW | L1: Refining RoW (mining RoW) | M1: Refining RoW (mining RoW) | N1: Production_yield | O1: Demand - sum refining | P1: Export potential refining CAN | Q1: Test production yield
A2: 2025 | B2: Cobalt | C2: Canada Net-zero | D2: Existing production | E2: Current shares | F2: NIMBY | G2: 9556.3204 | H2: 0 | I2: 0 | J2: =H2*N2-I2 -> 0 | K2: 21718.91 | L2: 9556.3204 | M2: =MAX(L2-J2,0) -> 9556.3204 | N2: =Result_notebook!L2 -> 0.43934657 | O2: =G2-(I2+J2+M2) -> 0 | P2: =MAX(I2-G2,0) -> 0 | Q2: =(H2*N2)-I2 -> 0
A3: 2025 | B3: Cobalt | C3: Canada Net-zero | D3: Existing production | E3: Current shares | F3: Status Quo | G3: 9556.3204 | H3: 3494 | I3: 1482.0913 | J3: =H3*N3-I3 -> 52.985592 | K3: 18224.91 | L3: 8074.2291 | M3: =MAX(L3-J3,0) -> 8021.2435 | N3: =Result_notebook!L3 -> 0.43934657 | O3: =G3-(I3+J3+M3) -> 0 | P3: =MAX(I3-G3,0) -> 0 | Q3: =(H3*N3)-I3 -> 52.985592
A4: 2025 | B4: Cobalt | C4: Canada Net-zero | D4: Production potential | E4: Current shares | F4: Expansion Extractive | G4: 9556.3204 | H4: 3850.4061 | I4: 1633.2723 | J4: =H4*N4-I4 -> 58.390396 | K4: 17868.504 | L4: 7923.0481 | M4: =MAX(L4-J4,0) -> 7864.6577 | N4: =Result_notebook!L4 -> 0.43934657 | O4: =G4-(I4+J4+M4) -> 0 | P4: =MAX(I4-G4,0) -> 0 | Q4: =(H4*N4)-I4 -> 58.390396
A5: 2025 | B5: Cobalt | C5: Canada Net-zero | D5: Production potential | E5: Current shares | F5: Expansion Extractive+Circularity | G5: 9556.3204 | H5: 3850.4061 | I5: 1633.2723 | J5: =H5*N5-I5 -> 58.390396 | K5: 17868.504 | L5: 7923.0481 | M5: =MAX(L5-J5,0) -> 7864.6577 | N5: =Result_notebook!L5 -> 0.43934657 | O5: =G5-(I5+J5+M5) -> 0 | P5: =MAX(I5-G5,0) -> 0 | Q5: =(H5*N5)-I5 -> 58.390396
A6: 2025 | B6: Cobalt | C6: Canada Net-zero | D6: Production potential | E6: 100% CAN | F6: Integrated | G6: 9556.3204 | H6: 3850.4061 | I6: 1691.6627 | J6: =H6*N6-I6 -> 0 | K6: 17868.504 | L6: 7864.6577 | M6: =MAX(L6-J6,0) -> 7864.6577 | N6: =Result_notebook!L6 -> 0.43934657 | O6: =G6-(I6+J6+M6) -> 0 | P6: =MAX(I6-G6,0) -> 0 | Q6: =(H6*N6)-I6 -> 0
A7: 2025 | B7: Cobalt | C7: Current Measures | D7: Existing production | E7: Current shares | F7: NIMBY | G7: 8776.8729 | H7: 0 | I7: 0 | J7: =H7*N7-I7 -> 0 | K7: 19947.438 | L7: 8776.8729 | M7: =MAX(L7-J7,0) -> 8776.8729 | N7: =Result_notebook!L7 -> 0.43934657 | O7: =G7-(I7+J7+M7) -> 0 | P7: =MAX(I7-G7,0) -> 0 | Q7: =(H7*N7)-I7 -> 0
A8: 2025 | B8: Cobalt | C8: Current Measures | D8: Existing production | E8: Current shares | F8: Status Quo | G8: 8776.8729 | H8: 3494 | I8: 1482.0913 | J8: =H8*N8-I8 -> 52.985592 | K8: 16453.438 | L8: 7294.7816 | M8: =MAX(L8-J8,0) -> 7241.796 | N8: =Result_notebook!L8 -> 0.43934657 | O8: =G8-(I8+J8+M8) -> 0 | P8: =MAX(I8-G8,0) -> 0 | Q8: =(H8*N8)-I8 -> 52.985592
A9: 2025 | B9: Cobalt | C9: Current Measures | D9: Production potential | E9: Current shares | F9: Expansion Extractive | G9: 8776.8729 | H9: 3850.4061 | I9: 1633.2723 | J9: =H9*N9-I9 -> 58.390396 | K9: 16097.032 | L9: 7143.6006 | M9: =MAX(L9-J9,0) -> 7085.2102 | N9: =Result_notebook!L9 -> 0.43934657 | O9: =G9-(I9+J9+M9) -> 0 | P9: =MAX(I9-G9,0) -> 0 | Q9: =(H9*N9)-I9 -> 58.390396
A10: 2025 | B10: Cobalt | C10: Current Measures | D10: Production potential | E10: Current shares | F10: Expansion Extractive+Circularity | G10: 8776.8729 | H10: 3850.4061 | I10: 1633.2723 | J10: =H10*N10-I10 -> 58.390396 | K10: 16097.032 | L10: 7143.6006 | M10: =MAX(L10-J10,0) -> 7085.2102 | N10: =Result_notebook!L10 -> 0.43934657 | O10: =G10-(I10+J10+M10) -> 0 | P10: =MAX(I10-G10,0) -> 0 | Q10: =(H10*N10)-I10 -> 58.390396
A11: 2025 | B11: Cobalt | C11: Current Measures | D11: Production potential | E11: 100% CAN | F11: Integrated | G11: 8776.8729 | H11: 3850.4061 | I11: 1691.6627 | J11: =H11*N11-I11 -> 0 | K11: 16097.032 | L11: 7085.2102 | M11: =MAX(L11-J11,0) -> 7085.2102 | N11: =Result_notebook!L11 -> 0.43934657 | O11: =G11-(I11+J11+M11) -> 0 | P11: =MAX(I11-G11,0) -> 0 | Q11: =(H11*N11)-I11 -> 0
A12: 2025 | B12: Cobalt | C12: Global Net-zero | D12: Existing production | E12: Current shares | F12: NIMBY | G12: 9422.7256 | H12: 0 | I12: 0 | J12: =H12*N12-I12 -> 0 | K12: 21415.285 | L12: 9422.7256 | M12: =MAX(L12-J12,0) -> 9422.7256 | N12: =Result_notebook!L12 -> 0.43934657 | O12: =G12-(I12+J12+M12) -> 0 | P12: =MAX(I12-G12,0) -> 0 | Q12: =(H12*N12)-I12 -> 0
A13: 2025 | B13: Cobalt | C13: Global Net-zero | D13: Existing production | E13: Current shares | F13: Status Quo | G13: 9422.7256 | H13: 3494 | I13: 1482.0913 | J13: =H13*N13-I13 -> 52.985592 | K13: 17921.285 | L13: 7940.6343 | M13: =MAX(L13-J13,0) -> 7887.6487 | N13: =Result_notebook!L13 -> 0.43934657 | O13: =G13-(I13+J13+M13) -> 0 | P13: =MAX(I13-G13,0) -> 0 | Q13: =(H13*N13)-I13 -> 52.985592
... A1441: 2040 | B1441: Lithium | C1441: Global Net-zero | D1441: Production potential | E1441: 100% CAN | F1441: Integrated | G1441: 82859.957 | H1441: 615511.71 | I1441: 430347.61 | J1441: =H1441*N1441-I1441 -> 54401.711 | K1441: 0 | L1441: 0 | M1441: =MAX(L1441-J1441,0) -> 0 | N1441: =Result_notebook!L1441 -> 0.787555 | O1441: =G1441-(I1441+J1441+M1441) -> -401889.37 | P1441: =MAX(I1441-G1441,0) -> 347487.66 | Q1441: =(H1441*N1441)-I1441 -> 54401.711

Sheet Result_notebook
A1: Year | B1: Metal | C1: Demand scenario CER | D1: Production scenario CCI | E1: Production scenario CCI|Refining CAN share | F1: Supply scenario | G1: Demand_value_t | H1: Production_mining_CAN_t | I1: Production_refining_CAN_t | J1: Production_mining_RoW_t | K1: Production_refining_RoW_t | L1: Production_yield
A2: 2025 | B2: Cobalt | C2: Canada Net-zero | D2: Existing production | E2: Current shares | F2: NIMBY | G2: 9556.3204 | H2: 0 | I2: 0 | J2: 21751.212 | K2: 9556.3204 | L2: 0.43934657
A3: 2025 | B3: Cobalt | C3: Canada Net-zero | D3: Existing production | E3: Current shares | F3: Status Quo | G3: 9556.3204 | H3: 3494 | I3: 1482.0913 | J3: 18257.212 | K3: 8074.2291 | L3: 0.43934657
A4: 2025 | B4: Cobalt | C4: Canada Net-zero | D4: Production potential | E4: Current shares | F4: Expansion Extractive | G4: 9556.3204 | H4: 3850.4061 | I4: 1633.2723 | J4: 17900.806 | K4: 7923.0481 | L4: 0.43934657
A5: 2025 | B5: Cobalt | C5: Canada Net-zero | D5: Production potential | E5: Current shares | F5: Expansion Extractive+Circularity | G5: 9556.3204 | H5: 3850.4061 | I5: 1633.2723 | J5: 17900.806 | K5: 7923.0481 | L5: 0.43934657
A6: 2025 | B6: Cobalt | C6: Canada Net-zero | D6: Production potential | E6: 100% CAN | F6: Integrated | G6: 9556.3204 | H6: 3850.4061 | I6: 1691.6627 | J6: 17900.806 | K6: 7864.6577 | L6: 0.43934657
A7: 2025 | B7: Cobalt | C7: Current Measures | D7: Existing production | E7: Current shares | F7: NIMBY | G7: 8776.8729 | H7: 0 | I7: 0 | J7: 19977.106 | K7: 8776.8729 | L7: 0.43934657
A8: 2025 | B8: Cobalt | C8: Current Measures | D8: Existing production | E8: Current shares | F8: Status Quo | G8: 8776.8729 | H8: 3494 | I8: 1482.0913 | J8: 16483.106 | K8: 7294.7816 | L8: 0.43934657
A9: 2025 | B9: Cobalt | C9: Current Measures | D9: Production potential | E9: Current shares | F9: Expansion Extractive | G9: 8776.8729 | H9: 3850.4061 | I9: 1633.2723 | J9: 16126.7 | K9: 7143.6006 | L9: 0.43934657
A10: 2025 | B10: Cobalt | C10: Current Measures | D10: Production potential | E10: Current shares | F10: Expansion Extractive+Circularity | G10: 8776.8729 | H10: 3850.4061 | I10: 1633.2723 | J10: 16126.7 | K10: 7143.6006 | L10: 0.43934657
A11: 2025 | B11: Cobalt | C11: Current Measures | D11: Production potential | E11: 100% CAN | F11: Integrated | G11: 8776.8729 | H11: 3850.4061 | I11: 1691.6627 | J11: 16126.7 | K11: 7085.2102 | L11: 0.43934657
A12: 2025 | B12: Cobalt | C12: Global Net-zero | D12: Existing production | E12: Current shares | F12: NIMBY | G12: 9422.7256 | H12: 0 | I12: 0 | J12: 21447.136 | K12: 9422.7256 | L12: 0.43934657
A13: 2025 | B13: Cobalt | C13: Global Net-zero | D13: Existing production | E13: Current shares | F13: Status Quo | G13: 9422.7256 | H13: 3494 | I13: 1482.0913 | J13: 17953.136 | K13: 7940.6343 | L13: 0.43934657
... A1441: 2040 | B1441: Nickel | C1441: Global Net-zero | D1441: Production potential | E1441: 100% CAN | F1441: Integrated | G1441: 194473.95 | H1441: 282129.48 | I1441: 222192.48 | J1441: 0 | K1441: 0 | L1441: 0.787555

Sheet SUPPLY
A1: # | B1: Supply scenario | C1: Production scenario CCI | D1: Mining_RoW | E1: Production scenario CCI|Refining CAN share | F1: Refining_RoW | G1: Secondary_production | H1: Associated LCIs
A2: 1 | B2: NIMBY | C2: 0 | D2: 100% occured in RoW | E2: 0 | F2: 100% occured in RoW | G2: BAU
A3: 2 | B3: Status Quo | C3: Existing production | D3: Difference between demand and CAN supply is sourced from RoW | E3: Current shares | F3: Difference between demand and CAN supply is sourced from RoW | G3: BAU
A4: 3 | B4: Expansion Extractive | C4: Production potential | D4: Difference between demand and CAN supply is sourced from RoW | E4: Current shares | F4: Difference between demand and CAN supply is sourced from RoW | G4: BAU
A5: 4 | B5: Expansion Extractive+Circularity | C5: Production potential | D5: Difference between demand and CAN supply is sourced from RoW | E5: Current shares | F5: Difference between demand and CAN supply is sourced from RoW | G5: NZE
A6: 5 | B6: Integrated | C6: Production potential | D6: Difference between demand and CAN supply is sourced from RoW | E6: 100% CAN | F6: Difference between demand and CAN supply is sourced from RoW | G6: BAU

Sheet DEMAND
A1: Demand scenario CER | B1: Country | C1: Year | D1: Metal | E1: Demand_value_t
A2: Canada Net-zero | B2: Canada | C2: 2020 | D2: Cobalt | E2: 1093.0696
A3: Canada Net-zero | B3: Canada | C3: 2021 | D3: Cobalt | E3: 1169.5356
A4: Canada Net-zero | B4: Canada | C4: 2022 | D4: Cobalt | E4: 1380.3796
A5: Canada Net-zero | B5: Canada | C5: 2023 | D5: Cobalt | E5: 1460.0596
A6: Canada Net-zero | B6: Canada | C6: 2024 | D6: Cobalt | E6: 6136.1112
A7: Canada Net-zero | B7: Canada | C7: 2025 | D7: Cobalt | E7: 9556.3204
A8: Canada Net-zero | B8: Canada | C8: 2026 | D8: Cobalt | E8: 14666.709
A9: Canada Net-zero | B9: Canada | C9: 2027 | D9: Cobalt | E9: 22846.057
A10: Canada Net-zero | B10: Canada | C10: 2028 | D10: Cobalt | E10: 33558.204
A11: Canada Net-zero | B11: Canada | C11: 2029 | D11: Cobalt | E11: 45543.652
A12: Canada Net-zero | B12: Canada | C12: 2030 | D12: Cobalt | E12: 58753.881
A13: Canada Net-zero | B13: Canada | C13: 2031 | D13: Cobalt | E13: 74634.661
... A531: Global Net-zero | B531: Canada | C531: 2050 | D531: Nickel | E531: 267966.24

Sheet PRODUCTION
A1: Metal | B1: Year | C1: Production scenario CCI | D1: Production scenario CCI|Refining CAN share | E1: Value | F1: Unit | G1: Production_mining_CAN_t | H1: Production_refining_CAN_t
A2: Cobalt | B2: 2018 | C2: Existing production | D2: 100% CAN | E2: 4.1361 | F2: kilotonnes | G2: 4136.1 | H2: 1817.1813
A3: Cobalt | B3: 2019 | C3: Existing production | D3: 100% CAN | E3: 3.433 | F3: kilotonnes | G3: 3433 | H3: 1508.2768
A4: Cobalt | B4: 2020 | C4: Existing production | D4: 100% CAN | E4: 3.236324 | F4: kilotonnes | G4: 3236.324 | H4: 1421.8678
A5: Cobalt | B5: 2021 | C5: Existing production | D5: 100% CAN | E5: 3.808657 | F5: kilotonnes | G5: 3808.657 | H5: 1673.3204
A6: Cobalt | B6: 2022 | C6: Existing production | D6: 100% CAN | E6: 2.536143 | F6: kilotonnes | G6: 2536.143 | H6: 1114.2457
A7: Cobalt | B7: 2023 | C7: Existing production | D7: 100% CAN | E7: 4.796 | F7: kilotonnes | G7: 4796 | H7: 2107.1061
A8: Cobalt | B8: 2024 | C8: Existing production | D8: 100% CAN | E8: 3.381 | F8: kilotonnes | G8: 3381 | H8: 1485.4307
A9: Cobalt | B9: 2025 | C9: Existing production | D9: 100% CAN | E9: 3.494 | F9: kilotonnes | G9: 3494 | H9: 1535.0769
A10: Cobalt | B10: 2026 | C10: Existing production | D10: 100% CAN | E10: 3.494 | F10: kilotonnes | G10: 3494 | H10: 1535.0769
A11: Cobalt | B11: 2027 | C11: Existing production | D11: 100% CAN | E11: 4.176 | F11: kilotonnes | G11: 4176 | H11: 1834.7113
A12: Cobalt | B12: 2028 | C12: Existing production | D12: 100% CAN | E12: 4.176 | F12: kilotonnes | G12: 4176 | H12: 1834.7113
A13: Cobalt | B13: 2029 | C13: Existing production | D13: 100% CAN | E13: 3.861 | F13: kilotonnes | G13: 3861 | H13: 1696.3171
... A70: Copper | B70: 2040 | C70: Existing production | D70: 100% CAN | E70: 183.019 | F70: kilotonnes | G70: 183019 | H70: 152774.33
A71: Copper | B71: 2018 | C71: Production potential | D71: 100% CAN | E71: 535.509 | F71: kilotonnes | G71: 535509 | H71: 447013.87 | J71: =H71/G71 -> 0.83474576
A72: Copper | B72: 2019 | C72: Production potential | D72: 100% CAN | E72: 557.849 | F72: kilotonnes | G72: 557849 | H72: 465662.09 | J72: =H72/G72 -> 0.83474576
A73: Copper | B73: 2020 | C73: Production potential | D73: 100% CAN | E73: 530.921 | F73: kilotonnes | G73: 530921 | H73: 443184.06 | J73: =H73/G73 -> 0.83474576
A74: Copper | B74: 2021 | C74: Production potential | D74: 100% CAN | E74: 488.522 | F74: kilotonnes | G74: 488522 | H74: 407791.67 | J74: =H74/G74 -> 0.83474576
A75: Copper | B75: 2022 | C75: Production potential | D75: 100% CAN | E75: 460.415 | F75: kilotonnes | G75: 460415 | H75: 384329.47 | J75: =H75/G75 -> 0.83474576
A76: Copper | B76: 2023 | C76: Production potential | D76: 100% CAN | E76: 483.968 | F76: kilotonnes | G76: 483968 | H76: 403990.23 | J76: =H76/G76 -> 0.83474576
A77: Copper | B77: 2024 | C77: Production potential | D77: 100% CAN | E77: 508.72587 | F77: kilotonnes | G77: 508725.87 | H77: 424656.76 | J77: =H77/G77 -> 0.83474576
A78: Copper | B78: 2025 | C78: Production potential | D78: 100% CAN | E78: 534.75026 | F78: kilotonnes | G78: 534750.26 | H78: 446380.51 | J78: =H78/G78 -> 0.83474576 | L78: =G78*0.83 -> 443842.71
A79: Copper | B79: 2026 | C79: Production potential | D79: 100% CAN | E79: 562.10595 | F79: kilotonnes | G79: 562105.95 | H79: 469215.56 | J79: =H79/G79 -> 0.83474576
A80: Copper | B80: 2027 | C80: Production potential | D80: 100% CAN | E80: 590.86105 | F80: kilotonnes | G80: 590861.05 | H80: 493218.76 | J80: =H80/G80 -> 0.83474576
A81: Copper | B81: 2028 | C81: Production potential | D81: 100% CAN | E81: 621.08715 | F81: kilotonnes | G81: 621087.15 | H81: 518449.86 | J81: =H81/G81 -> 0.83474576
A82: Copper | B82: 2029 | C82: Production potential | D82: 100% CAN | E82: 652.85949 | F82: kilotonnes | G82: 652859.49 | H82: 544971.69 | J82: =H82/G82 -> 0.83474576
A83: Copper | B83: 2030 | C83: Production potential | D83: 100% CAN | E83: 686.25718 | F83: kilotonnes | G83: 686257.18 | H83: 572850.27 | J83: =H83/G83 -> 0.83474576
A84: Copper | B84: 2031 | C84: Production potential | D84: 100% CAN | E84: 721.36336 | F84: kilotonnes | G84: 721363.36 | H84: 602155.01 | J84: =H84/G84 -> 0.83474576
A85: Copper | B85: 2032 | C85: Production potential | D85: 100% CAN | E85: 758.26544 | F85: kilotonnes | G85: 758265.44 | H85: 632958.86 | J85: =H85/G85 -> 0.83474576
A86: Copper | B86: 2033 | C86: Production potential | D86: 100% CAN | E86: 797.05528 | F86: kilotonnes | G86: 797055.28 | H86: 665338.51 | J86: =H86/G86 -> 0.83474576
A87: Copper | B87: 2034 | C87: Production potential | D87: 100% CAN | E87: 837.82945 | F87: kilotonnes | G87: 837829.45 | H87: 699374.58 | J87: =H87/G87 -> 0.83474576
A88: Copper | B88: 2035 | C88: Production potential | D88: 100% CAN | E88: 880.68946 | F88: kilotonnes | G88: 880689.46 | H88: 735151.8 | J88: =H88/G88 -> 0.83474576
A89: Copper | B89: 2036 | C89: Production potential | D89: 100% CAN | E89: 925.74202 | F89: kilotonnes | G89: 925742.02 | H89: 772759.23 | J89: =H89/G89 -> 0.83474576
A90: Copper | B90: 2037 | C90: Production potential | D90: 100% CAN | E90: 973.0993 | F90: kilotonnes | G90: 973099.3 | H90: 812290.52 | J90: =H90/G90 -> 0.83474576
... A93: Copper | B93: 2040 | C93: Production potential | D93: 100% CAN | E93: 1130.2088 | F93: kilotonnes | G93: 1130208.8 | H93: 943437.04 | J93: =H93/G93 -> 0.83474576
A94: Lithium | B94: 2018 | C94: Existing production | D94: 100% CAN | E94: 0 | F94: kilotonnes | G94: 0 | H94: 0
A95: Lithium | B95: 2019 | C95: Existing production | D95: 100% CAN | E95: 0 | F95: kilotonnes | G95: 0 | H95: 0
A96: Lithium | B96: 2020 | C96: Existing production | D96: 100% CAN | E96: 0 | F96: kilotonnes | G96: 0 | H96: 0
A97: Lithium | B97: 2021 | C97: Existing production | D97: 100% CAN | E97: 0.188 | F97: kilotonnes | G97: 188 | H97: 131.44405
A98: Lithium | B98: 2022 | C98: Existing production | D98: 100% CAN | E98: 3.475 | F98: kilotonnes | G98: 3475 | H98: 2429.6174
A99: Lithium | B99: 2023 | C99: Existing production | D99: 100% CAN | E99: 16.726 | F99: kilotonnes | G99: 16726 | H99: 11694.325
A100: Lithium | B100: 2024 | C100: Existing production | D100: 100% CAN | E100: 39.864 | F100: kilotonnes | G100: 39864 | H100: 27871.732
A101: Lithium | B101: 2025 | C101: Existing production | D101: 100% CAN | E101: 37.578 | F101: kilotonnes | G101: 37578 | H101: 26273.428
A102: Lithium | B102: 2026 | C102: Existing production | D102: 100% CAN | E102: 39.969 | F102: kilotonnes | G102: 39969 | H102: 27945.145
A103: Lithium | B103: 2027 | C103: Existing production | D103: 100% CAN | E103: 41.682 | F103: kilotonnes | G103: 41682 | H103: 29142.824
A104: Lithium | B104: 2028 | C104: Existing production | D104: 100% CAN | E104: 40.292 | F104: kilotonnes | G104: 40292 | H104: 28170.977
A105: Lithium | B105: 2029 | C105: Existing production | D105: 100% CAN | E105: 37.907 | F105: kilotonnes | G105: 37907 | H105: 26503.455
... A346: Copper | B346: 2040 | C346: Existing production | D346: Current shares | E346: 183.019 | F346: kilotonnes | G346: 183019 | H346: 96196.376
A347: Copper | B347: 2018 | C347: Production potential | D347: Current shares | E347: 535.509 | F347: kilotonnes | G347: 535509 | H347: 281468.18 | J347: =H347/G347 -> 0.52560869
A348: Copper | B348: 2019 | C348: Production potential | D348: Current shares | E348: 557.849 | F348: kilotonnes | G348: 557849 | H348: 293210.28 | J348: =H348/G348 -> 0.52560869
A349: Copper | B349: 2020 | C349: Production potential | D349: Current shares | E349: 530.921 | F349: kilotonnes | G349: 530921 | H349: 279056.69 | J349: =H349/G349 -> 0.52560869
A350: Copper | B350: 2021 | C350: Production potential | D350: Current shares | E350: 488.522 | F350: kilotonnes | G350: 488522 | H350: 256771.41 | J350: =H350/G350 -> 0.52560869
A351: Copper | B351: 2022 | C351: Production potential | D351: Current shares | E351: 460.415 | F351: kilotonnes | G351: 460415 | H351: 241998.12 | J351: =H351/G351 -> 0.52560869
A352: Copper | B352: 2023 | C352: Production potential | D352: Current shares | E352: 483.968 | F352: kilotonnes | G352: 483968 | H352: 254377.78 | J352: =H352/G352 -> 0.52560869
A353: Copper | B353: 2024 | C353: Production potential | D353: Current shares | E353: 508.72587 | F353: kilotonnes | G353: 508725.87 | H353: 267390.74 | J353: =H353/G353 -> 0.52560869
A354: Copper | B354: 2025 | C354: Production potential | D354: Current shares | E354: 534.75026 | F354: kilotonnes | G354: 534750.26 | H354: 281069.38 | J354: =H354/G354 -> 0.52560869
A355: Copper | B355: 2026 | C355: Production potential | D355: Current shares | E355: 562.10595 | F355: kilotonnes | G355: 562105.95 | H355: 295447.77 | J355: =H355/G355 -> 0.52560869
A356: Copper | B356: 2027 | C356: Production potential | D356: Current shares | E356: 590.86105 | F356: kilotonnes | G356: 590861.05 | H356: 310561.7 | J356: =H356/G356 -> 0.52560869
A357: Copper | B357: 2028 | C357: Production potential | D357: Current shares | E357: 621.08715 | F357: kilotonnes | G357: 621087.15 | H357: 326448.8 | J357: =H357/G357 -> 0.52560869
A358: Copper | B358: 2029 | C358: Production potential | D358: Current shares | E358: 652.85949 | F358: kilotonnes | G358: 652859.49 | H358: 343148.62 | J358: =H358/G358 -> 0.52560869
... A369: Copper | B369: 2040 | C369: Production potential | D369: Current shares | E369: 1130.2088 | F369: kilotonnes | G369: 1130208.8 | H369: 594047.58 | J369: =H369/G369 -> 0.52560869
A370: Lithium | B370: 2018 | C370: Existing production | D370: Current shares | E370: 0 | F370: kilotonnes | G370: 0 | H370: 0
A371: Lithium | B371: 2019 | C371: Existing production | D371: Current shares | E371: 0 | F371: kilotonnes | G371: 0 | H371: 0
A372: Lithium | B372: 2020 | C372: Existing production | D372: Current shares | E372: 0 | F372: kilotonnes | G372: 0 | H372: 0
A373: Lithium | B373: 2021 | C373: Existing production | D373: Current shares | E373: 0.188 | F373: kilotonnes | G373: 188 | H373: 131.44405
A374: Lithium | B374: 2022 | C374: Existing production | D374: Current shares | E374: 3.475 | F374: kilotonnes | G374: 3475 | H374: 2429.6174
A375: Lithium | B375: 2023 | C375: Existing production | D375: Current shares | E375: 16.726 | F375: kilotonnes | G375: 16726 | H375: 11694.325
A376: Lithium | B376: 2024 | C376: Existing production | D376: Current shares | E376: 39.864 | F376: kilotonnes | G376: 39864 | H376: 27871.732
A377: Lithium | B377: 2025 | C377: Existing production | D377: Current shares | E377: 37.578 | F377: kilotonnes | G377: 37578 | H377: 26273.428
A378: Lithium | B378: 2026 | C378: Existing production | D378: Current shares | E378: 39.969 | F378: kilotonnes | G378: 39969 | H378: 27945.145
A379: Lithium | B379: 2027 | C379: Existing production | D379: Current shares | E379: 41.682 | F379: kilotonnes | G379: 41682 | H379: 29142.824
A380: Lithium | B380: 2028 | C380: Existing production | D380: Current shares | E380: 40.292 | F380: kilotonnes | G380: 40292 | H380: 28170.977
A381: Lithium | B381: 2029 | C381: Existing production | D381: Current shares | E381: 37.907 | F381: kilotonnes | G381: 37907 | H381: 26503.455
... A553: Neodymium | B553: 2040 | C553: Production potential | D553: Current shares | E553: 0.43178439 | F553: kilotonnes | G553: 431.78439 | H553: 258.44192

Sheet Associated_LCIs
A1: Scenario | B1: Associated supply scenario | C1: Year | D1: Metal | E1: Impact category | F1: Unit | G1: Mining | H1: Refining | I1: Mining+refining | J1: % Mining
A2: 100% CAN | B2: Status Quo, Expansion Extractive, Integrated | C2: 2025 | D2: Cobalt | E2: Total EP | F2: PDF.m2.yr/kg
A3: 100% CAN | B3: Status Quo, Expansion Extractive, Integrated | C3: 2025 | D3: Cobalt | E3: Total HH | F3: DALY/kg
A4: 100% CAN | B4: Status Quo, Expansion Extractive, Integrated | C4: 2025 | D4: Copper | E4: Total EP | F4: PDF.m2.yr/kg | I4: =EQ_LCA_results!AC73 -> 38.143652
A5: 100% CAN | B5: Status Quo, Expansion Extractive, Integrated | C5: 2025 | D5: Copper | E5: Total HH | F5: DALY/kg
A6: 100% CAN | B6: Status Quo, Expansion Extractive, Integrated | C6: 2025 | D6: Graphite | E6: Total EP | F6: PDF.m2.yr/kg
A7: 100% CAN | B7: Status Quo, Expansion Extractive, Integrated | C7: 2025 | D7: Graphite | E7: Total HH | F7: DALY/kg
A8: 100% CAN | B8: Status Quo, Expansion Extractive, Integrated | C8: 2025 | D8: Lithium | E8: Total EP | F8: PDF.m2.yr/kg
A9: 100% CAN | B9: Status Quo, Expansion Extractive, Integrated | C9: 2025 | D9: Lithium | E9: Total HH | F9: DALY/kg
A10: 100% CAN | B10: Status Quo, Expansion Extractive, Integrated | C10: 2025 | D10: Neodymium | E10: Total EP | F10: PDF.m2.yr/kg
A11: 100% CAN | B11: Status Quo, Expansion Extractive, Integrated | C11: 2025 | D11: Neodymium | E11: Total HH | F11: DALY/kg
A12: 100% CAN | B12: Status Quo, Expansion Extractive, Integrated | C12: 2025 | D12: Nickel | E12: Total EP | F12: PDF.m2.yr/kg | G12: =EQ_LCA_results!AC108 -> 0.35636318 | H12: =EQ_LCA_results!AC118 -> 3.0408316
A13: 100% CAN | B13: Status Quo, Expansion Extractive, Integrated | C13: 2025 | D13: Nickel | E13: Total HH | F13: DALY/kg
A14: 100% RoW | B14: NIMBY, Status Quo, Expansion Extractive, Integrated | C14: 2025 | D14: Cobalt | E14: Total EP | F14: PDF.m2.yr/kg
A15: 100% RoW | B15: NIMBY, Status Quo, Expansion Extractive, Integrated | C15: 2025 | D15: Cobalt | E15: Total HH | F15: DALY/kg
A16: 100% RoW | B16: NIMBY, Status Quo, Expansion Extractive, Integrated | C16: 2025 | D16: Copper | E16: Total EP | F16: PDF.m2.yr/kg | I16: =EQ_LCA_results!AC78 -> 18.763247
A17: 100% RoW | B17: NIMBY, Status Quo, Expansion Extractive, Integrated | C17: 2025 | D17: Copper | E17: Total HH | F17: DALY/kg
A18: 100% RoW | B18: NIMBY, Status Quo, Expansion Extractive, Integrated | C18: 2025 | D18: Graphite | E18: Total EP | F18: PDF.m2.yr/kg
A19: 100% RoW | B19: NIMBY, Status Quo, Expansion Extractive, Integrated | C19: 2025 | D19: Graphite | E19: Total HH | F19: DALY/kg
A20: 100% RoW | B20: NIMBY, Status Quo, Expansion Extractive, Integrated | C20: 2025 | D20: Lithium | E20: Total EP | F20: PDF.m2.yr/kg
A21: 100% RoW | B21: NIMBY, Status Quo, Expansion Extractive, Integrated | C21: 2025 | D21: Lithium | E21: Total HH | F21: DALY/kg
A22: 100% RoW | B22: NIMBY, Status Quo, Expansion Extractive, Integrated | C22: 2025 | D22: Neodymium | E22: Total EP | F22: PDF.m2.yr/kg
A23: 100% RoW | B23: NIMBY, Status Quo, Expansion Extractive, Integrated | C23: 2025 | D23: Neodymium | E23: Total HH | F23: DALY/kg
A24: 100% RoW | B24: NIMBY, Status Quo, Expansion Extractive, Integrated | C24: 2025 | D24: Nickel | E24: Total EP | F24: PDF.m2.yr/kg
A25: 100% RoW | B25: NIMBY, Status Quo, Expansion Extractive, Integrated | C25: 2025 | D25: Nickel | E25: Total HH | F25: DALY/kg
A26: Mining CAN, Refining RoW | B26: Status Quo, Expansion Extractive | C26: 2025 | D26: Cobalt | E26: Total EP | F26: PDF.m2.yr/kg
A27: Mining CAN, Refining RoW | B27: Status Quo, Expansion Extractive | C27: 2025 | D27: Cobalt | E27: Total HH | F27: DALY/kg
A28: Mining CAN, Refining RoW | B28: Status Quo, Expansion Extractive | C28: 2025 | D28: Copper | E28: Total EP | F28: PDF.m2.yr/kg
... A49: Mining RoW, Refining CAN | B49: ? Not used | C49: 2025 | D49: Nickel | E49: Total HH | F49: DALY/kg

Sheet EQ_LCA_results
A1: Scenario | B1: Year | C1: Commodity | D1: Geography | E1: Metal | F1: Reference point | G1: Climate change EQ LT (PDF.m2.yr) | H1: Climate change EQ ST (PDF.m2.yr) | I1: Fisheries impact (PDF.m2.yr) | J1: Freshwater acidification (PDF.m2.yr) | K1: Freshwater ecotoxicity LT (PDF.m2.yr) | L1: Freshwater ecotoxicity ST (PDF.m2.yr) | M1: Freshwater eutrophication (PDF.m2.yr) | N1: Ionizing radiations EQ (PDF.m2.yr) | O1: Land occupation biodiversity (PDF.m2.yr) | P1: Land transformation biodiversity (PDF.m2.yr) | Q1: Marine acidification LT (PDF.m2.yr) | R1: Marine acidification ST (PDF.m2.yr) | S1: Marine ecotoxicity LT (PDF.m2.yr) | T1: Marine ecotoxicity ST (PDF.m2.yr) | U1: Marine eutrophication (PDF.m2.yr) | V1: Photochemical ozone EQ (PDF.m2.yr) | W1: Terrestrial acidification (PDF.m2.yr) | X1: Terrestrial ecotoxicity LT (PDF.m2.yr) | Y1: Terrestrial ecotoxicity ST (PDF.m2.yr) | Z1: Thermally polluted water (PDF.m2.yr) | AA1: Water availability freshwater (PDF.m2.yr) | AB1: Water availability terrestrial (PDF.m2.yr) | AC1: Total EQ
A2: IMAGE_SSP2L | B2: 2020 | C2: C mining CA | D2: Canada | E2: Graphite | F2: Mining | G2: 0.0044140233 | H2: 0.0013540927 | I2: 9.0255917e-17 | J2: 9.1593607e-09 | K2: 0.00030948318 | L2: 0.00023297994 | M2: 1.3657046e-10 | N2: 2.5607708e-13 | O2: 1.6106544e-08 | P2: 1.9561119e-08 | Q2: 0.001580599 | R2: 0.00017157669 | S2: 2.8141914e-10 | T2: 4.8124512e-10 | U2: 1.1808556e-06 | V2: 1.6491284e-06 | W2: 6.0190238e-08 | X2: 1.0272339e-05 | Y2: 1.7565447e-05 | Z2: 6.6520597e-11 | AA2: 4.9920335e-12 | AB2: 6.4150874e-11 | AC2: =SUM(G2:AB2) -> 0.0080935286
A3: IMAGE_SSP2L | B3: 2025 | C3: C mining CA | D3: Canada | E3: Graphite | F3: Mining | G3: 0.0044140233 | H3: 0.0013540927 | I3: 9.0255917e-17 | J3: 9.1593607e-09 | K3: 0.00030948318 | L3: 0.00023297994 | M3: 1.3657046e-10 | N3: 2.5607708e-13 | O3: 1.6106544e-08 | P3: 1.9561119e-08 | Q3: 0.001580599 | R3: 0.00017157669 | S3: 2.8141914e-10 | T3: 4.8124512e-10 | U3: 1.1808556e-06 | V3: 1.6491284e-06 | W3: 6.0190238e-08 | X3: 1.0272339e-05 | Y3: 1.7565447e-05 | Z3: 6.6520597e-11 | AA3: 4.9920335e-12 | AB3: 6.4150874e-11 | AC3: =SUM(G3:AB3) -> 0.0080935286
A4: IMAGE_SSP2L | B4: 2030 | C4: C mining CA | D4: Canada | E4: Graphite | F4: Mining | G4: 0.0044140233 | H4: 0.0013540927 | I4: 9.0255917e-17 | J4: 9.1593607e-09 | K4: 0.00030948318 | L4: 0.00023297994 | M4: 1.3657046e-10 | N4: 2.5607708e-13 | O4: 1.6106544e-08 | P4: 1.9561119e-08 | Q4: 0.001580599 | R4: 0.00017157669 | S4: 2.8141914e-10 | T4: 4.8124512e-10 | U4: 1.1808556e-06 | V4: 1.6491284e-06 | W4: 6.0190238e-08 | X4: 1.0272339e-05 | Y4: 1.7565447e-05 | Z4: 6.6520597e-11 | AA4: 4.9920335e-12 | AB4: 6.4150874e-11 | AC4: =SUM(G4:AB4) -> 0.0080935286
A5: IMAGE_SSP2L | B5: 2035 | C5: C mining CA | D5: Canada | E5: Graphite | F5: Mining | G5: 0.0044140233 | H5: 0.0013540927 | I5: 9.0255917e-17 | J5: 9.1593607e-09 | K5: 0.00030948318 | L5: 0.00023297994 | M5: 1.3657046e-10 | N5: 2.5607708e-13 | O5: 1.6106544e-08 | P5: 1.9561119e-08 | Q5: 0.001580599 | R5: 0.00017157669 | S5: 2.8141914e-10 | T5: 4.8124512e-10 | U5: 1.1808556e-06 | V5: 1.6491284e-06 | W5: 6.0190238e-08 | X5: 1.0272339e-05 | Y5: 1.7565447e-05 | Z5: 6.6520597e-11 | AA5: 4.9920335e-12 | AB5: 6.4150874e-11 | AC5: =SUM(G5:AB5) -> 0.0080935286
A6: IMAGE_SSP2L | B6: 2040 | C6: C mining CA | D6: Canada | E6: Graphite | F6: Mining | G6: 0.0044140233 | H6: 0.0013540927 | I6: 9.0255917e-17 | J6: 9.1593607e-09 | K6: 0.00030948318 | L6: 0.00023297994 | M6: 1.3657046e-10 | N6: 2.5607708e-13 | O6: 1.6106544e-08 | P6: 1.9561119e-08 | Q6: 0.001580599 | R6: 0.00017157669 | S6: 2.8141914e-10 | T6: 4.8124512e-10 | U6: 1.1808556e-06 | V6: 1.6491284e-06 | W6: 6.0190238e-08 | X6: 1.0272339e-05 | Y6: 1.7565447e-05 | Z6: 6.6520597e-11 | AA6: 4.9920335e-12 | AB6: 6.4150874e-11 | AC6: =SUM(G6:AB6) -> 0.0080935286
A7: IMAGE_SSP2L | B7: 2020 | C7: C mining World | D7: World | E7: Graphite | F7: Mining | G7: 0.056765328 | H7: 0.017204601 | I7: 9.6444358e-16 | J7: 2.8122556e-08 | K7: 0.0032888201 | L7: 0.0028802483 | M7: 6.3805587e-10 | N7: 4.7528047e-13 | O7: 9.5448628e-08 | P7: 1.7547761e-07 | Q7: 0.020512609 | R7: 0.0022266889 | S7: 3.674225e-09 | T7: 6.5616288e-09 | U7: 1.016253e-05 | V7: 2.1570027e-05 | W7: 1.850375e-07 | X7: 0.00013411561 | Y7: 0.00023949944 | Z7: 3.3357018e-10 | AA7: 1.5215424e-11 | AB7: 7.6637923e-10 | AC7: =SUM(G7:AB7) -> 0.10328414
A8: IMAGE_SSP2L | B8: 2025 | C8: C mining World | D8: World | E8: Graphite | F8: Mining | G8: 0.056765328 | H8: 0.017204601 | I8: 9.6444358e-16 | J8: 2.8122556e-08 | K8: 0.0032888201 | L8: 0.0028802483 | M8: 6.3805587e-10 | N8: 4.7528047e-13 | O8: 9.5448628e-08 | P8: 1.7547761e-07 | Q8: 0.020512609 | R8: 0.0022266889 | S8: 3.674225e-09 | T8: 6.5616288e-09 | U8: 1.016253e-05 | V8: 2.1570027e-05 | W8: 1.850375e-07 | X8: 0.00013411561 | Y8: 0.00023949944 | Z8: 3.3357018e-10 | AA8: 1.5215424e-11 | AB8: 7.6637923e-10 | AC8: =SUM(G8:AB8) -> 0.10328414
A9: IMAGE_SSP2L | B9: 2030 | C9: C mining World | D9: World | E9: Graphite | F9: Mining | G9: 0.056765328 | H9: 0.017204601 | I9: 9.6444358e-16 | J9: 2.8122556e-08 | K9: 0.0032888201 | L9: 0.0028802483 | M9: 6.3805587e-10 | N9: 4.7528047e-13 | O9: 9.5448628e-08 | P9: 1.7547761e-07 | Q9: 0.020512609 | R9: 0.0022266889 | S9: 3.674225e-09 | T9: 6.5616288e-09 | U9: 1.016253e-05 | V9: 2.1570027e-05 | W9: 1.850375e-07 | X9: 0.00013411561 | Y9: 0.00023949944 | Z9: 3.3357018e-10 | AA9: 1.5215424e-11 | AB9: 7.6637923e-10 | AC9: =SUM(G9:AB9) -> 0.10328414
A10: IMAGE_SSP2L | B10: 2035 | C10: C mining World | D10: World | E10: Graphite | F10: Mining | G10: 0.056765328 | H10: 0.017204601 | I10: 9.6444358e-16 | J10: 2.8122556e-08 | K10: 0.0032888201 | L10: 0.0028802483 | M10: 6.3805587e-10 | N10: 4.7528047e-13 | O10: 9.5448628e-08 | P10: 1.7547761e-07 | Q10: 0.020512609 | R10: 0.0022266889 | S10: 3.674225e-09 | T10: 6.5616288e-09 | U10: 1.016253e-05 | V10: 2.1570027e-05 | W10: 1.850375e-07 | X10: 0.00013411561 | Y10: 0.00023949944 | Z10: 3.3357018e-10 | AA10: 1.5215424e-11 | AB10: 7.6637923e-10 | AC10: =SUM(G10:AB10) -> 0.10328414
A11: IMAGE_SSP2L | B11: 2040 | C11: C mining World | D11: World | E11: Graphite | F11: Mining | G11: 0.056765328 | H11: 0.017204601 | I11: 9.6444358e-16 | J11: 2.8122556e-08 | K11: 0.0032888201 | L11: 0.0028802483 | M11: 6.3805587e-10 | N11: 4.7528047e-13 | O11: 9.5448628e-08 | P11: 1.7547761e-07 | Q11: 0.020512609 | R11: 0.0022266889 | S11: 3.674225e-09 | T11: 6.5616288e-09 | U11: 1.016253e-05 | V11: 2.1570027e-05 | W11: 1.850375e-07 | X11: 0.00013411561 | Y11: 0.00023949944 | Z11: 3.3357018e-10 | AA11: 1.5215424e-11 | AB11: 7.6637923e-10 | AC11: =SUM(G11:AB11) -> 0.10328414
A12: IMAGE_SSP2L | B12: 2020 | C12: C refining CA | D12: Canada | E12: Graphite | F12: Refining | G12: =G22-G2 -> 1.3184625 | H12: =H22-H2 -> 0.42122002 | I12: =I22-I2 -> 3.398158e-14 | J12: =J22-J2 -> 5.4856625e-07 | K12: =K22-K2 -> 0.40464908 | L12: =L22-L2 -> 0.25797192 | M12: =M22-M2 -> 2.8698002e-08 | N12: =N22-N2 -> 1.5321352e-10 | ... AB12: =AB22-AB2 -> 1.6253585e-08 | AC12: =SUM(G12:AB12) -> 2.9683353
A13: IMAGE_SSP2L | B13: 2025 | C13: C refining CA | D13: Canada | E13: Graphite | F13: Refining | G13: =G23-G3 -> 1.3184625 | H13: =H23-H3 -> 0.42122002 | I13: =I23-I3 -> 3.398158e-14 | J13: =J23-J3 -> 5.4856625e-07 | K13: =K23-K3 -> 0.40464908 | L13: =L23-L3 -> 0.25797192 | M13: =M23-M3 -> 2.8698002e-08 | N13: =N23-N3 -> 1.5321352e-10 | ... AB13: =AB23-AB3 -> 1.6253585e-08 | AC13: =SUM(G13:AB13) -> 2.9683353
A14: IMAGE_SSP2L | B14: 2030 | C14: C refining CA | D14: Canada | E14: Graphite | F14: Refining | G14: =G24-G4 -> 1.3184625 | H14: =H24-H4 -> 0.42122002 | I14: =I24-I4 -> 3.398158e-14 | J14: =J24-J4 -> 5.4856625e-07 | K14: =K24-K4 -> 0.40464908 | L14: =L24-L4 -> 0.25797192 | M14: =M24-M4 -> 2.8698002e-08 | N14: =N24-N4 -> 1.5321352e-10 | ... AB14: =AB24-AB4 -> 1.6253585e-08 | AC14: =SUM(G14:AB14) -> 2.9683353
A15: IMAGE_SSP2L | B15: 2035 | C15: C refining CA | D15: Canada | E15: Graphite | F15: Refining | G15: =G25-G5 -> 1.3184625 | H15: =H25-H5 -> 0.42122002 | I15: =I25-I5 -> 3.398158e-14 | J15: =J25-J5 -> 5.4856625e-07 | K15: =K25-K5 -> 0.40464908 | L15: =L25-L5 -> 0.25797192 | M15: =M25-M5 -> 2.8698002e-08 | N15: =N25-N5 -> 1.5321352e-10 | ... AB15: =AB25-AB5 -> 1.6253585e-08 | AC15: =SUM(G15:AB15) -> 2.9683353
A16: IMAGE_SSP2L | B16: 2040 | C16: C refining CA | D16: Canada | E16: Graphite | F16: Refining | G16: =G26-G6 -> 1.3184625 | H16: =H26-H6 -> 0.42122002 | I16: =I26-I6 -> 3.398158e-14 | J16: =J26-J6 -> 5.4856625e-07 | K16: =K26-K6 -> 0.40464908 | L16: =L26-L6 -> 0.25797192 | M16: =M26-M6 -> 2.8698002e-08 | N16: =N26-N6 -> 1.5321352e-10 | ... AB16: =AB26-AB6 -> 1.6253585e-08 | AC16: =SUM(G16:AB16) -> 2.9683353
A17: IMAGE_SSP2L | B17: 2020 | C17: C refining World | D17: World | E17: Graphite | F17: Refining | G17: =G27-G7 -> 2.1329131 | H17: =H27-H7 -> 0.67892309 | I17: =I27-I7 -> 3.990826e-14 | J17: =J27-J7 -> 6.2171808e-07 | K17: =K27-K7 -> 0.60186421 | L17: =L27-L7 -> 0.39213865 | M17: =M27-M7 -> 3.3582931e-08 | N17: =N27-N7 -> 1.0031658e-10 | ... AB17: =AB27-AB7 -> 1.905773e-08 | AC17: =SUM(G17:AB17) -> 4.6999493
A18: IMAGE_SSP2L | B18: 2025 | C18: C refining World | D18: World | E18: Graphite | F18: Refining | G18: =G28-G8 -> 2.1329131 | H18: =H28-H8 -> 0.67892309 | I18: =I28-I8 -> 3.990826e-14 | J18: =J28-J8 -> 6.2171808e-07 | K18: =K28-K8 -> 0.60186421 | L18: =L28-L8 -> 0.39213865 | M18: =M28-M8 -> 3.3582931e-08 | N18: =N28-N8 -> 1.0031658e-10 | ... AB18: =AB28-AB8 -> 1.905773e-08 | AC18: =SUM(G18:AB18) -> 4.6999493
A19: IMAGE_SSP2L | B19: 2030 | C19: C refining World | D19: World | E19: Graphite | F19: Refining | G19: =G29-G9 -> 2.1329131 | H19: =H29-H9 -> 0.67892309 | I19: =I29-I9 -> 3.990826e-14 | J19: =J29-J9 -> 6.2171808e-07 | K19: =K29-K9 -> 0.60186421 | L19: =L29-L9 -> 0.39213865 | M19: =M29-M9 -> 3.3582931e-08 | N19: =N29-N9 -> 1.0031658e-10 | ... AB19: =AB29-AB9 -> 1.905773e-08 | AC19: =SUM(G19:AB19) -> 4.6999493
A20: IMAGE_SSP2L | B20: 2035 | C20: C refining World | D20: World | E20: Graphite | F20: Refining | G20: =G30-G10 -> 2.1329131 | H20: =H30-H10 -> 0.67892309 | I20: =I30-I10 -> 3.990826e-14 | J20: =J30-J10 -> 6.2171808e-07 | K20: =K30-K10 -> 0.60186421 | L20: =L30-L10 -> 0.39213865 | M20: =M30-M10 -> 3.3582931e-08 | N20: =N30-N10 -> 1.0031658e-10 | ... AB20: =AB30-AB10 -> 1.905773e-08 | AC20: =SUM(G20:AB20) -> 4.6999493
A21: IMAGE_SSP2L | B21: 2040 | C21: C refining World | D21: World | E21: Graphite | F21: Refining | G21: =G31-G11 -> 2.1329131 | H21: =H31-H11 -> 0.67892309 | I21: =I31-I11 -> 3.990826e-14 | J21: =J31-J11 -> 6.2171808e-07 | K21: =K31-K11 -> 0.60186421 | L21: =L31-L11 -> 0.39213865 | M21: =M31-M11 -> 3.3582931e-08 | N21: =N31-N11 -> 1.0031658e-10 | ... AB21: =AB31-AB11 -> 1.905773e-08 | AC21: =SUM(G21:AB21) -> 4.6999493
A22: IMAGE_SSP2L | B22: 2020 | C22: C refining CA | D22: Canada | E22: Graphite | F22: Mining+refining | G22: 1.3228766 | H22: 0.42257411 | I22: 3.4071835e-14 | J22: 5.5772561e-07 | K22: 0.40495857 | L22: 0.2582049 | M22: 2.8834573e-08 | N22: 1.534696e-10 | O22: 5.1805579e-06 | P22: 6.6702226e-06 | Q22: 0.47448979 | R22: 0.051507005 | S22: 5.5012886e-07 | T22: 5.6849021e-07 | U22: 0.00034603832 | V22: 0.00062441706 | W22: 3.7288093e-06 | X22: 0.020080271 | Y22: 0.020749893 | Z22: 6.6254664e-09 | AA22: 3.0025869e-10 | AB22: 1.6317736e-08 | AC22: =SUM(G22:AB22) -> 2.9764289
A23: IMAGE_SSP2L | B23: 2025 | C23: C refining CA | D23: Canada | E23: Graphite | F23: Mining+refining | G23: 1.3228766 | H23: 0.42257411 | I23: 3.4071835e-14 | J23: 5.5772561e-07 | K23: 0.40495857 | L23: 0.2582049 | M23: 2.8834573e-08 | N23: 1.534696e-10 | O23: 5.1805579e-06 | P23: 6.6702226e-06 | Q23: 0.47448979 | R23: 0.051507005 | S23: 5.5012886e-07 | T23: 5.6849021e-07 | U23: 0.00034603832 | V23: 0.00062441706 | W23: 3.7288093e-06 | X23: 0.020080271 | Y23: 0.020749893 | Z23: 6.6254664e-09 | AA23: 3.0025869e-10 | AB23: 1.6317736e-08 | AC23: =SUM(G23:AB23) -> 2.9764289
A24: IMAGE_SSP2L | B24: 2030 | C24: C refining CA | D24: Canada | E24: Graphite | F24: Mining+refining | G24: 1.3228766 | H24: 0.42257411 | I24: 3.4071835e-14 | J24: 5.5772561e-07 | K24: 0.40495857 | L24: 0.2582049 | M24: 2.8834573e-08 | N24: 1.534696e-10 | O24: 5.1805579e-06 | P24: 6.6702226e-06 | Q24: 0.47448979 | R24: 0.051507005 | S24: 5.5012886e-07 | T24: 5.6849021e-07 | U24: 0.00034603832 | V24: 0.00062441706 | W24: 3.7288093e-06 | X24: 0.020080271 | Y24: 0.020749893 | Z24: 6.6254664e-09 | AA24: 3.0025869e-10 | AB24: 1.6317736e-08 | AC24: =SUM(G24:AB24) -> 2.9764289
A25: IMAGE_SSP2L | B25: 2035 | C25: C refining CA | D25: Canada | E25: Graphite | F25: Mining+refining | G25: 1.3228766 | H25: 0.42257411 | I25: 3.4071835e-14 | J25: 5.5772561e-07 | K25: 0.40495857 | L25: 0.2582049 | M25: 2.8834573e-08 | N25: 1.534696e-10 | O25: 5.1805579e-06 | P25: 6.6702226e-06 | Q25: 0.47448979 | R25: 0.051507005 | S25: 5.5012886e-07 | T25: 5.6849021e-07 | U25: 0.00034603832 | V25: 0.00062441706 | W25: 3.7288093e-06 | X25: 0.020080271 | Y25: 0.020749893 | Z25: 6.6254664e-09 | AA25: 3.0025869e-10 | AB25: 1.6317736e-08 | AC25: =SUM(G25:AB25) -> 2.9764289
A26: IMAGE_SSP2L | B26: 2040 | C26: C refining CA | D26: Canada | E26: Graphite | F26: Mining+refining | G26: 1.3228766 | H26: 0.42257411 | I26: 3.4071835e-14 | J26: 5.5772561e-07 | K26: 0.40495857 | L26: 0.2582049 | M26: 2.8834573e-08 | N26: 1.534696e-10 | O26: 5.1805579e-06 | P26: 6.6702226e-06 | Q26: 0.47448979 | R26: 0.051507005 | S26: 5.5012886e-07 | T26: 5.6849021e-07 | U26: 0.00034603832 | V26: 0.00062441706 | W26: 3.7288093e-06 | X26: 0.020080271 | Y26: 0.020749893 | Z26: 6.6254664e-09 | AA26: 3.0025869e-10 | AB26: 1.6317736e-08 | AC26: =SUM(G26:AB26) -> 2.9764289
A27: IMAGE_SSP2L | B27: 2020 | C27: C refining World | D27: World | E27: Graphite | F27: Mining+refining | G27: 2.1896784 | H27: 0.6961277 | I27: 4.0872704e-14 | J27: 6.4984064e-07 | K27: 0.60515303 | L27: 0.3950189 | M27: 3.4220987e-08 | N27: 1.0079186e-10 | O27: 6.2488728e-06 | P27: 7.7248372e-06 | Q27: 0.78656662 | R27: 0.085383735 | S27: 5.9645773e-07 | T27: 6.1426009e-07 | U27: 0.00043321963 | V27: 0.00065887171 | W27: 4.3518163e-06 | X27: 0.021772221 | Y27: 0.022420493 | Z27: 7.466954e-09 | AA27: 3.5756397e-10 | AB27: 1.982411e-08 | AC27: =SUM(G27:AB27) -> 4.8032334
A28: IMAGE_SSP2L | B28: 2025 | C28: C refining World | D28: World | E28: Graphite | F28: Mining+refining | G28: 2.1896784 | H28: 0.6961277 | I28: 4.0872704e-14 | J28: 6.4984064e-07 | K28: 0.60515303 | L28: 0.3950189 | M28: 3.4220987e-08 | N28: 1.0079186e-10 | O28: 6.2488728e-06 | P28: 7.7248372e-06 | Q28: 0.78656662 | R28: 0.085383735 | S28: 5.9645773e-07 | T28: 6.1426009e-07 | U28: 0.00043321963 | V28: 0.00065887171 | W28: 4.3518163e-06 | X28: 0.021772221 | Y28: 0.022420493 | Z28: 7.466954e-09 | AA28: 3.5756397e-10 | AB28: 1.982411e-08 | AC28: =SUM(G28:AB28) -> 4.8032334
A29: IMAGE_SSP2L | B29: 2030 | C29: C refining World | D29: World | E29: Graphite | F29: Mining+refining | G29: 2.1896784 | H29: 0.6961277 | I29: 4.0872704e-14 | J29: 6.4984064e-07 | K29: 0.60515303 | L29: 0.3950189 | M29: 3.4220987e-08 | N29: 1.0079186e-10 | O29: 6.2488728e-06 | P29: 7.7248372e-06 | Q29: 0.78656662 | R29: 0.085383735 | S29: 5.9645773e-07 | T29: 6.1426009e-07 | U29: 0.00043321963 | V29: 0.00065887171 | W29: 4.3518163e-06 | X29: 0.021772221 | Y29: 0.022420493 | Z29: 7.466954e-09 | AA29: 3.5756397e-10 | AB29: 1.982411e-08 | AC29: =SUM(G29:AB29) -> 4.8032334
A30: IMAGE_SSP2L | B30: 2035 | C30: C refining World | D30: World | E30: Graphite | F30: Mining+refining | G30: 2.1896784 | H30: 0.6961277 | I30: 4.0872704e-14 | J30: 6.4984064e-07 | K30: 0.60515303 | L30: 0.3950189 | M30: 3.4220987e-08 | N30: 1.0079186e-10 | O30: 6.2488728e-06 | P30: 7.7248372e-06 | Q30: 0.78656662 | R30: 0.085383735 | S30: 5.9645773e-07 | T30: 6.1426009e-07 | U30: 0.00043321963 | V30: 0.00065887171 | W30: 4.3518163e-06 | X30: 0.021772221 | Y30: 0.022420493 | Z30: 7.466954e-09 | AA30: 3.5756397e-10 | AB30: 1.982411e-08 | AC30: =SUM(G30:AB30) -> 4.8032334
A31: IMAGE_SSP2L | B31: 2040 | C31: C refining World | D31: World | E31: Graphite | F31: Mining+refining | G31: 2.1896784 | H31: 0.6961277 | I31: 4.0872704e-14 | J31: 6.4984064e-07 | K31: 0.60515303 | L31: 0.3950189 | M31: 3.4220987e-08 | N31: 1.0079186e-10 | O31: 6.2488728e-06 | P31: 7.7248372e-06 | Q31: 0.78656662 | R31: 0.085383735 | S31: 5.9645773e-07 | T31: 6.1426009e-07 | U31: 0.00043321963 | V31: 0.00065887171 | W31: 4.3518163e-06 | X31: 0.021772221 | Y31: 0.022420493 | Z31: 7.466954e-09 | AA31: 3.5756397e-10 | AB31: 1.982411e-08 | AC31: =SUM(G31:AB31) -> 4.8032334
A32: IMAGE_SSP2L | B32: 2020 | C32: Co mining CA | D32: Canada | E32: Cobalt | F32: Mining | G32: 0.013181434 | H32: 0.0039930123 | I32: 7.203811e-17 | J32: 1.5490258e-08 | K32: 0.00068311664 | L32: 0.00066585495 | M32: 2.6505496e-10 | N32: 8.2116631e-14 | O32: 3.7798043e-08 | P32: 4.6738717e-08 | Q32: 0.0047862556 | R32: 0.00051955577 | S32: 4.1086658e-10 | T32: 5.0712603e-10 | U32: 2.3909561e-06 | V32: 5.3903474e-06 | W32: 1.008942e-07 | X32: 1.4997641e-05 | Y32: 1.85101e-05 | Z32: 2.2016033e-10 | AA32: 5.9452408e-12 | AB32: 1.7065892e-10 | AC32: =SUM(G32:AB32) -> 0.02387072
A33: IMAGE_SSP2L | B33: 2025 | C33: Co mining CA | D33: Canada | E33: Cobalt | F33: Mining | G33: 0.013181434 | H33: 0.0039930123 | I33: 7.203811e-17 | J33: 1.5490258e-08 | K33: 0.00068311664 | L33: 0.00066585495 | M33: 2.6505496e-10 | N33: 8.2116631e-14 | O33: 3.7798043e-08 | P33: 4.6738717e-08 | Q33: 0.0047862556 | R33: 0.00051955577 | S33: 4.1086658e-10 | T33: 5.0712603e-10 | U33: 2.3909561e-06 | V33: 5.3903474e-06 | W33: 1.008942e-07 | X33: 1.4997641e-05 | Y33: 1.85101e-05 | Z33: 2.2016033e-10 | AA33: 5.9452408e-12 | AB33: 1.7065892e-10 | AC33: =SUM(G33:AB33) -> 0.02387072
... A41: IMAGE_SSP2L | B41: 2040 | C41: Co mining World | D41: World | E41: Cobalt | F41: Mining | G41: 0.041630757 | H41: 0.012595724 | I41: 5.6966791e-16 | J41: 2.4897232e-08 | K41: 0.0021581296 | L41: 0.0020229846 | M41: 5.2584969e-10 | N41: 2.6014119e-13 | O41: 7.9287044e-08 | P41: 1.3211088e-07 | Q41: 0.015073977 | R41: 0.0016363113 | S41: 2.2934816e-09 | T41: 3.9494097e-09 | U41: 7.3154325e-06 | V41: 1.6454356e-05 | W41: 1.6292274e-07 | X41: 8.3715537e-05 | Y41: 0.00014415345 | Z41: 3.5287061e-10 | AA41: 1.1256898e-11 | AB41: 5.6050316e-10 | AC41: =SUM(G41:AB41) -> 0.075369929
A42: IMAGE_SSP2L | B42: 2020 | C42: Co refining CA | D42: Canada | E42: Cobalt | F42: Refining | G42: =G52-G32 -> 4.0001553 | H42: =H52-H32 -> 1.200056 | I42: =I52-I32 -> 7.6578605e-13 | J42: =J52-J32 -> 6.3631621e-06 | K42: =K52-K32 -> 1.1610115 | L42: =L52-L32 -> 0.22373536 | M42: =M52-M32 -> 3.7574044e-07 | N42: =N52-N32 -> 8.3539847e-10 | ... AB42: =AB52-AB32 -> 2.2084375e-07 | AC42: =SUM(G42:AB42) -> 8.2949134
A43: IMAGE_SSP2L | B43: 2025 | C43: Co refining CA | D43: Canada | E43: Cobalt | F43: Refining | G43: =G53-G33 -> 4.0001553 | H43: =H53-H33 -> 1.200056 | I43: =I53-I33 -> 7.6578605e-13 | J43: =J53-J33 -> 6.3631621e-06 | K43: =K53-K33 -> 1.1610115 | L43: =L53-L33 -> 0.22373536 | M43: =M53-M33 -> 3.7574044e-07 | N43: =N53-N33 -> 8.3539847e-10 | ... AB43: =AB53-AB33 -> 2.2084375e-07 | AC43: =SUM(G43:AB43) -> 8.2949134
A44: IMAGE_SSP2L | B44: 2030 | C44: Co refining CA | D44: Canada | E44: Cobalt | F44: Refining | G44: =G54-G34 -> 4.0001553 | H44: =H54-H34 -> 1.200056 | I44: =I54-I34 -> 7.6578605e-13 | J44: =J54-J34 -> 6.3631621e-06 | K44: =K54-K34 -> 1.1610115 | L44: =L54-L34 -> 0.22373536 | M44: =M54-M34 -> 3.7574044e-07 | N44: =N54-N34 -> 8.3539847e-10 | ... AB44: =AB54-AB34 -> 2.2084375e-07 | AC44: =SUM(G44:AB44) -> 8.2949134
A45: IMAGE_SSP2L | B45: 2035 | C45: Co refining CA | D45: Canada | E45: Cobalt | F45: Refining | G45: =G55-G35 -> 4.0001553 | H45: =H55-H35 -> 1.200056 | I45: =I55-I35 -> 7.6578605e-13 | J45: =J55-J35 -> 6.3631621e-06 | K45: =K55-K35 -> 1.1610115 | L45: =L55-L35 -> 0.22373536 | M45: =M55-M35 -> 3.7574044e-07 | N45: =N55-N35 -> 8.3539847e-10 | ... AB45: =AB55-AB35 -> 2.2084375e-07 | AC45: =SUM(G45:AB45) -> 8.2949134
A46: IMAGE_SSP2L | B46: 2040 | C46: Co refining CA | D46: Canada | E46: Cobalt | F46: Refining | G46: =G56-G36 -> 4.0001553 | H46: =H56-H36 -> 1.200056 | I46: =I56-I36 -> 7.6578605e-13 | J46: =J56-J36 -> 6.3631621e-06 | K46: =K56-K36 -> 1.1610115 | L46: =L56-L36 -> 0.22373536 | M46: =M56-M36 -> 3.7574044e-07 | N46: =N56-N36 -> 8.3539847e-10 | ... AB46: =AB56-AB36 -> 2.2084375e-07 | AC46: =SUM(G46:AB46) -> 8.2949134
A47: IMAGE_SSP2L | B47: 2020 | C47: Co refining World | D47: World | E47: Cobalt | F47: Refining | G47: =G57-G37 -> 4.2395123 | H47: =H57-H37 -> 1.2748941 | I47: =I57-I37 -> 4.6594443e-13 | J47: =J57-J37 -> 6.2856871e-06 | K47: =K57-K37 -> 1.2042247 | L47: =L57-L37 -> 0.25572659 | M47: =M57-M37 -> 3.7002489e-07 | N47: =N57-N37 -> 8.2419654e-10 | ... AB47: =AB57-AB37 -> 2.160248e-07 | AC47: =SUM(G47:AB47) -> 8.7812854
A48: IMAGE_SSP2L | B48: 2025 | C48: Co refining World | D48: World | E48: Cobalt | F48: Refining | G48: =G58-G38 -> 4.2395123 | H48: =H58-H38 -> 1.2748941 | I48: =I58-I38 -> 4.6594443e-13 | J48: =J58-J38 -> 6.2856871e-06 | K48: =K58-K38 -> 1.2042247 | L48: =L58-L38 -> 0.25572659 | M48: =M58-M38 -> 3.7002489e-07 | N48: =N58-N38 -> 8.2419654e-10 | ... AB48: =AB58-AB38 -> 2.160248e-07 | AC48: =SUM(G48:AB48) -> 8.7812854
A49: IMAGE_SSP2L | B49: 2030 | C49: Co refining World | D49: World | E49: Cobalt | F49: Refining | G49: =G59-G39 -> 4.2395123 | H49: =H59-H39 -> 1.2748941 | I49: =I59-I39 -> 4.6594443e-13 | J49: =J59-J39 -> 6.2856871e-06 | K49: =K59-K39 -> 1.2042247 | L49: =L59-L39 -> 0.25572659 | M49: =M59-M39 -> 3.7002489e-07 | N49: =N59-N39 -> 8.2419654e-10 | ... AB49: =AB59-AB39 -> 2.160248e-07 | AC49: =SUM(G49:AB49) -> 8.7812854
A50: IMAGE_SSP2L | B50: 2035 | C50: Co refining World | D50: World | E50: Cobalt | F50: Refining | G50: =G60-G40 -> 4.2395123 | H50: =H60-H40 -> 1.2748941 | I50: =I60-I40 -> 4.6594443e-13 | J50: =J60-J40 -> 6.2856871e-06 | K50: =K60-K40 -> 1.2042247 | L50: =L60-L40 -> 0.25572659 | M50: =M60-M40 -> 3.7002489e-07 | N50: =N60-N40 -> 8.2419654e-10 | ... AB50: =AB60-AB40 -> 2.160248e-07 | AC50: =SUM(G50:AB50) -> 8.7812854
A51: IMAGE_SSP2L | B51: 2040 | C51: Co refining World | D51: World | E51: Cobalt | F51: Refining | G51: =G61-G41 -> 4.2395123 | H51: =H61-H41 -> 1.2748941 | I51: =I61-I41 -> 4.6594443e-13 | J51: =J61-J41 -> 6.2856871e-06 | K51: =K61-K41 -> 1.2042247 | L51: =L61-L41 -> 0.25572659 | M51: =M61-M41 -> 3.7002489e-07 | N51: =N61-N41 -> 8.2419654e-10 | ... AB51: =AB61-AB41 -> 2.160248e-07 | AC51: =SUM(G51:AB51) -> 8.7812854
A52: IMAGE_SSP2L | B52: 2020 | C52: Co refining CA | D52: Canada | E52: Cobalt | F52: Mining+refining | G52: 4.0133367 | H52: 1.204049 | I52: 7.6585809e-13 | J52: 6.3786524e-06 | K52: 1.1616946 | L52: 0.22440121 | M52: 3.7600549e-07 | N52: 8.3548059e-10 | O52: 7.1174887e-05 | P52: 7.0390352e-05 | Q52: 1.450172 | R52: 0.1574188 | S52: 1.26835e-06 | T52: 1.5349533e-06 | U52: 0.0040936946 | V52: 0.0011006866 | W52: 4.2900155e-05 | X52: 0.046297328 | Y52: 0.056025794 | Z52: 7.128429e-08 | AA52: 3.7342894e-09 | AB52: 2.2101441e-07 | AC52: =SUM(G52:AB52) -> 8.3187841
A53: IMAGE_SSP2L | B53: 2025 | C53: Co refining CA | D53: Canada | E53: Cobalt | F53: Mining+refining | G53: 4.0133367 | H53: 1.204049 | I53: 7.6585809e-13 | J53: 6.3786524e-06 | K53: 1.1616946 | L53: 0.22440121 | M53: 3.7600549e-07 | N53: 8.3548059e-10 | O53: 7.1174887e-05 | P53: 7.0390352e-05 | Q53: 1.450172 | R53: 0.1574188 | S53: 1.26835e-06 | T53: 1.5349533e-06 | U53: 0.0040936946 | V53: 0.0011006866 | W53: 4.2900155e-05 | X53: 0.046297328 | Y53: 0.056025794 | Z53: 7.128429e-08 | AA53: 3.7342894e-09 | AB53: 2.2101441e-07 | AC53: =SUM(G53:AB53) -> 8.3187841
A54: IMAGE_SSP2L | B54: 2030 | C54: Co refining CA | D54: Canada | E54: Cobalt | F54: Mining+refining | G54: 4.0133367 | H54: 1.204049 | I54: 7.6585809e-13 | J54: 6.3786524e-06 | K54: 1.1616946 | L54: 0.22440121 | M54: 3.7600549e-07 | N54: 8.3548059e-10 | O54: 7.1174887e-05 | P54: 7.0390352e-05 | Q54: 1.450172 | R54: 0.1574188 | S54: 1.26835e-06 | T54: 1.5349533e-06 | U54: 0.0040936946 | V54: 0.0011006866 | W54: 4.2900155e-05 | X54: 0.046297328 | Y54: 0.056025794 | Z54: 7.128429e-08 | AA54: 3.7342894e-09 | AB54: 2.2101441e-07 | AC54: =SUM(G54:AB54) -> 8.3187841
A55: IMAGE_SSP2L | B55: 2035 | C55: Co refining CA | D55: Canada | E55: Cobalt | F55: Mining+refining | G55: 4.0133367 | H55: 1.204049 | I55: 7.6585809e-13 | J55: 6.3786524e-06 | K55: 1.1616946 | L55: 0.22440121 | M55: 3.7600549e-07 | N55: 8.3548059e-10 | O55: 7.1174887e-05 | P55: 7.0390352e-05 | Q55: 1.450172 | R55: 0.1574188 | S55: 1.26835e-06 | T55: 1.5349533e-06 | U55: 0.0040936946 | V55: 0.0011006866 | W55: 4.2900155e-05 | X55: 0.046297328 | Y55: 0.056025794 | Z55: 7.128429e-08 | AA55: 3.7342894e-09 | AB55: 2.2101441e-07 | AC55: =SUM(G55:AB55) -> 8.3187841
A56: IMAGE_SSP2L | B56: 2040 | C56: Co refining CA | D56: Canada | E56: Cobalt | F56: Mining+refining | G56: 4.0133367 | H56: 1.204049 | I56: 7.6585809e-13 | J56: 6.3786524e-06 | K56: 1.1616946 | L56: 0.22440121 | M56: 3.7600549e-07 | N56: 8.3548059e-10 | O56: 7.1174887e-05 | P56: 7.0390352e-05 | Q56: 1.450172 | R56: 0.1574188 | S56: 1.26835e-06 | T56: 1.5349533e-06 | U56: 0.0040936946 | V56: 0.0011006866 | W56: 4.2900155e-05 | X56: 0.046297328 | Y56: 0.056025794 | Z56: 7.128429e-08 | AA56: 3.7342894e-09 | AB56: 2.2101441e-07 | AC56: =SUM(G56:AB56) -> 8.3187841
A57: IMAGE_SSP2L | B57: 2020 | C57: Co refining World | D57: World | E57: Cobalt | F57: Mining+refining | G57: 4.281143 | H57: 1.2874898 | I57: 4.665141e-13 | J57: 6.3105843e-06 | K57: 1.2063828 | L57: 0.25774957 | M57: 3.7055074e-07 | N57: 8.2445668e-10 | O57: 6.9450729e-05 | P57: 6.9183063e-05 | Q57: 1.5468278 | R57: 0.16791101 | S57: 1.2863345e-06 | T57: 1.5543484e-06 | U57: 0.0041361549 | V57: 0.0011365203 | W57: 4.2423751e-05 | X57: 0.046953973 | Y57: 0.056733716 | Z57: 7.0790004e-08 | AA57: 3.6927073e-09 | AB57: 2.165853e-07 | AC57: =SUM(G57:AB57) -> 8.8566553
A58: IMAGE_SSP2L | B58: 2025 | C58: Co refining World | D58: World | E58: Cobalt | F58: Mining+refining | G58: 4.281143 | H58: 1.2874898 | I58: 4.665141e-13 | J58: 6.3105843e-06 | K58: 1.2063828 | L58: 0.25774957 | M58: 3.7055074e-07 | N58: 8.2445668e-10 | O58: 6.9450729e-05 | P58: 6.9183063e-05 | Q58: 1.5468278 | R58: 0.16791101 | S58: 1.2863345e-06 | T58: 1.5543484e-06 | U58: 0.0041361549 | V58: 0.0011365203 | W58: 4.2423751e-05 | X58: 0.046953973 | Y58: 0.056733716 | Z58: 7.0790004e-08 | AA58: 3.6927073e-09 | AB58: 2.165853e-07 | AC58: =SUM(G58:AB58) -> 8.8566553
A59: IMAGE_SSP2L | B59: 2030 | C59: Co refining World | D59: World | E59: Cobalt | F59: Mining+refining | G59: 4.281143 | H59: 1.2874898 | I59: 4.665141e-13 | J59: 6.3105843e-06 | K59: 1.2063828 | L59: 0.25774957 | M59: 3.7055074e-07 | N59: 8.2445668e-10 | O59: 6.9450729e-05 | P59: 6.9183063e-05 | Q59: 1.5468278 | R59: 0.16791101 | S59: 1.2863345e-06 | T59: 1.5543484e-06 | U59: 0.0041361549 | V59: 0.0011365203 | W59: 4.2423751e-05 | X59: 0.046953973 | Y59: 0.056733716 | Z59: 7.0790004e-08 | AA59: 3.6927073e-09 | AB59: 2.165853e-07 | AC59: =SUM(G59:AB59) -> 8.8566553
A60: IMAGE_SSP2L | B60: 2035 | C60: Co refining World | D60: World | E60: Cobalt | F60: Mining+refining | G60: 4.281143 | H60: 1.2874898 | I60: 4.665141e-13 | J60: 6.3105843e-06 | K60: 1.2063828 | L60: 0.25774957 | M60: 3.7055074e-07 | N60: 8.2445668e-10 | O60: 6.9450729e-05 | P60: 6.9183063e-05 | Q60: 1.5468278 | R60: 0.16791101 | S60: 1.2863345e-06 | T60: 1.5543484e-06 | U60: 0.0041361549 | V60: 0.0011365203 | W60: 4.2423751e-05 | X60: 0.046953973 | Y60: 0.056733716 | Z60: 7.0790004e-08 | AA60: 3.6927073e-09 | AB60: 2.165853e-07 | AC60: =SUM(G60:AB60) -> 8.8566553
A61: IMAGE_SSP2L | B61: 2040 | C61: Co refining World | D61: World | E61: Cobalt | F61: Mining+refining | G61: 4.281143 | H61: 1.2874898 | I61: 4.665141e-13 | J61: 6.3105843e-06 | K61: 1.2063828 | L61: 0.25774957 | M61: 3.7055074e-07 | N61: 8.2445668e-10 | O61: 6.9450729e-05 | P61: 6.9183063e-05 | Q61: 1.5468278 | R61: 0.16791101 | S61: 1.2863345e-06 | T61: 1.5543484e-06 | U61: 0.0041361549 | V61: 0.0011365203 | W61: 4.2423751e-05 | X61: 0.046953973 | Y61: 0.056733716 | Z61: 7.0790004e-08 | AA61: 3.6927073e-09 | AB61: 2.165853e-07 | AC61: =SUM(G61:AB61) -> 8.8566553
A62: IMAGE_SSP2L | B62: 2020 | C62: Cu mining CA | D62: Canada | E62: Copper | F62: Mining | G62: 0.35770418 | H62: 0.11275368 | I62: 5.5226306e-14 | J62: 1.4123859e-06 | K62: 8.1758098 | L62: 0.032972113 | M62: 7.1739272e-08 | N62: 6.4685274e-11 | O62: 3.4679678e-06 | P62: 3.8937253e-06 | Q62: 0.12559854 | R62: 0.01363377 | S62: 7.1335478e-07 | T62: 7.0830207e-06 | U62: 0.0036356311 | V62: 0.00013648928 | W62: 9.4067958e-06 | X62: 0.026038838 | Y62: 0.25853025 | Z62: 7.0219471e-09 | AA62: 1.1485585e-09 | AB62: 1.0796841e-08 | AC62: =SUM(G62:AB62) -> 9.1068394
A63: IMAGE_SSP2L | B63: 2025 | C63: Cu mining CA | D63: Canada | E63: Copper | F63: Mining | G63: 0.35770418 | H63: 0.11275368 | I63: 5.5226306e-14 | J63: 1.4123859e-06 | K63: 8.1758098 | L63: 0.032972113 | M63: 7.1739272e-08 | N63: 6.4685274e-11 | O63: 3.4679678e-06 | P63: 3.8937253e-06 | Q63: 0.12559854 | R63: 0.01363377 | S63: 7.1335478e-07 | T63: 7.0830207e-06 | U63: 0.0036356311 | V63: 0.00013648928 | W63: 9.4067958e-06 | X63: 0.026038838 | Y63: 0.25853025 | Z63: 7.0219471e-09 | AA63: 1.1485585e-09 | AB63: 1.0796841e-08 | AC63: =SUM(G63:AB63) -> 9.1068394
... A71: IMAGE_SSP2L | B71: 2040 | C71: Cu mining World | D71: World | E71: Copper | F71: Mining | G71: 0.36443036 | H71: 0.1139185 | I71: 3.9976687e-14 | J71: 7.7083339e-06 | K71: 5.7028694 | L71: 0.028891662 | M71: 1.5902034e-06 | N71: 2.1012692e-10 | O71: 1.3626442e-05 | P71: 1.7797916e-05 | Q71: 0.12837564 | R71: 0.013935309 | S71: 3.8118852e-07 | T71: 3.0814557e-06 | U71: 0.0028855868 | V71: 0.00014087461 | W71: 5.2316871e-05 | X71: 0.013914273 | Y71: 0.11247313 | Z71: 1.1398643e-07 | AA71: 1.1858058e-08 | AB71: 4.3071861e-08 | AC71: =SUM(G71:AB71) -> 6.4819314
A72: IMAGE_SSP2L | B72: 2020 | C72: Cu refining CA | D72: Canada | E72: Copper | F72: Refining | G72: =G82-G62 -> 1.2248571 | H72: =H82-H62 -> 0.38769582 | I72: =I82-I62 -> 2.5582568e-13 | J72: =J82-J62 -> 6.2844265e-06 | K72: =K82-K62 -> 35.492431 | L72: =L82-L62 -> 0.10012355 | M72: =M82-M62 -> 2.8370055e-07 | N72: =N82-N62 -> 1.1652852e-10 | ... AB72: =AB82-AB62 -> 4.2393526e-08 | AC72: =SUM(G72:AB72) -> 38.143652
A73: IMAGE_SSP2L | B73: 2025 | C73: Cu refining CA | D73: Canada | E73: Copper | F73: Refining | G73: =G83-G63 -> 1.2248571 | H73: =H83-H63 -> 0.38769582 | I73: =I83-I63 -> 2.5582568e-13 | J73: =J83-J63 -> 6.2844265e-06 | K73: =K83-K63 -> 35.492431 | L73: =L83-L63 -> 0.10012355 | M73: =M83-M63 -> 2.8370055e-07 | N73: =N83-N63 -> 1.1652852e-10 | ... AB73: =AB83-AB63 -> 4.2393526e-08 | AC73: =SUM(G73:AB73) -> 38.143652
A74: IMAGE_SSP2L | B74: 2030 | C74: Cu refining CA | D74: Canada | E74: Copper | F74: Refining | G74: =G84-G64 -> 1.2248571 | H74: =H84-H64 -> 0.38769582 | I74: =I84-I64 -> 2.5582568e-13 | J74: =J84-J64 -> 6.2844265e-06 | K74: =K84-K64 -> 35.492431 | L74: =L84-L64 -> 0.10012355 | M74: =M84-M64 -> 2.8370055e-07 | N74: =N84-N64 -> 1.1652852e-10 | ... AB74: =AB84-AB64 -> 4.2393526e-08 | AC74: =SUM(G74:AB74) -> 38.143652
A75: IMAGE_SSP2L | B75: 2035 | C75: Cu refining CA | D75: Canada | E75: Copper | F75: Refining | G75: =G85-G65 -> 1.2248571 | H75: =H85-H65 -> 0.38769582 | I75: =I85-I65 -> 2.5582568e-13 | J75: =J85-J65 -> 6.2844265e-06 | K75: =K85-K65 -> 35.492431 | L75: =L85-L65 -> 0.10012355 | M75: =M85-M65 -> 2.8370055e-07 | N75: =N85-N65 -> 1.1652852e-10 | ... AB75: =AB85-AB65 -> 4.2393526e-08 | AC75: =SUM(G75:AB75) -> 38.143652
A76: IMAGE_SSP2L | B76: 2040 | C76: Cu refining CA | D76: Canada | E76: Copper | F76: Refining | G76: =G86-G66 -> 1.2248571 | H76: =H86-H66 -> 0.38769582 | I76: =I86-I66 -> 2.5582568e-13 | J76: =J86-J66 -> 6.2844265e-06 | K76: =K86-K66 -> 35.492431 | L76: =L86-L66 -> 0.10012355 | M76: =M86-M66 -> 2.8370055e-07 | N76: =N86-N66 -> 1.1652852e-10 | ... AB76: =AB86-AB66 -> 4.2393526e-08 | AC76: =SUM(G76:AB76) -> 38.143652
A77: IMAGE_SSP2L | B77: 2020 | C77: Cu refining World | D77: World | E77: Copper | F77: Refining | G77: =G87-G67 -> 1.6481449 | H77: =H87-H67 -> 0.50949485 | I77: =I87-I67 -> 1.6313099e-13 | J77: =J87-J67 -> 1.4770562e-05 | K77: =K87-K67 -> 14.176851 | L77: =L87-L67 -> 0.23954229 | M77: =M87-M67 -> 2.9332146e-06 | N77: =N87-N67 -> 4.8477739e-10 | ... AB77: =AB87-AB67 -> 9.4653494e-08 | AC77: =SUM(G77:AB77) -> 18.763247
A78: IMAGE_SSP2L | B78: 2025 | C78: Cu refining World | D78: World | E78: Copper | F78: Refining | G78: =G88-G68 -> 1.6481449 | H78: =H88-H68 -> 0.50949485 | I78: =I88-I68 -> 1.6313099e-13 | J78: =J88-J68 -> 1.4770562e-05 | K78: =K88-K68 -> 14.176851 | L78: =L88-L68 -> 0.23954229 | M78: =M88-M68 -> 2.9332146e-06 | N78: =N88-N68 -> 4.8477739e-10 | ... AB78: =AB88-AB68 -> 9.4653494e-08 | AC78: =SUM(G78:AB78) -> 18.763247
A79: IMAGE_SSP2L | B79: 2030 | C79: Cu refining World | D79: World | E79: Copper | F79: Refining | G79: =G89-G69 -> 1.6481449 | H79: =H89-H69 -> 0.50949485 | I79: =I89-I69 -> 1.6313099e-13 | J79: =J89-J69 -> 1.4770562e-05 | K79: =K89-K69 -> 14.176851 | L79: =L89-L69 -> 0.23954229 | M79: =M89-M69 -> 2.9332146e-06 | N79: =N89-N69 -> 4.8477739e-10 | ... AB79: =AB89-AB69 -> 9.4653494e-08 | AC79: =SUM(G79:AB79) -> 18.763247
A80: IMAGE_SSP2L | B80: 2035 | C80: Cu refining World | D80: World | E80: Copper | F80: Refining | G80: =G90-G70 -> 1.6481449 | H80: =H90-H70 -> 0.50949485 | I80: =I90-I70 -> 1.6313099e-13 | J80: =J90-J70 -> 1.4770562e-05 | K80: =K90-K70 -> 14.176851 | L80: =L90-L70 -> 0.23954229 | M80: =M90-M70 -> 2.9332146e-06 | N80: =N90-N70 -> 4.8477739e-10 | ... AB80: =AB90-AB70 -> 9.4653494e-08 | AC80: =SUM(G80:AB80) -> 18.763247
A81: IMAGE_SSP2L | B81: 2040 | C81: Cu refining World | D81: World | E81: Copper | F81: Refining | G81: =G91-G71 -> 1.6481449 | H81: =H91-H71 -> 0.50949485 | I81: =I91-I71 -> 1.6313099e-13 | J81: =J91-J71 -> 1.4770562e-05 | K81: =K91-K71 -> 14.176851 | L81: =L91-L71 -> 0.23954229 | M81: =M91-M71 -> 2.9332146e-06 | N81: =N91-N71 -> 4.8477739e-10 | ... AB81: =AB91-AB71 -> 9.4653494e-08 | AC81: =SUM(G81:AB81) -> 18.763247
A82: IMAGE_SSP2L | B82: 2020 | C82: Cu refining CA | D82: Canada | E82: Copper | F82: Mining+refining | G82: 1.5825613 | H82: 0.50044949 | I82: 3.1105198e-13 | J82: 7.6968124e-06 | K82: 43.668241 | L82: 0.13309567 | M82: 3.5543982e-07 | N82: 1.812138e-10 | O82: 1.6524279e-05 | P82: 2.053288e-05 | Q82: 0.55284509 | R82: 0.060011146 | S82: 1.8660743e-06 | T82: 1.8718041e-05 | U82: 0.001255493 | V82: 0.00059400133 | W82: 5.1169709e-05 | X82: 0.068113497 | Y82: 0.68320847 | Z82: 4.0331609e-08 | AA82: 6.0021421e-09 | AB82: 5.3190367e-08 | AC82: =SUM(G82:AB82) -> 47.250492
A83: IMAGE_SSP2L | B83: 2025 | C83: Cu refining CA | D83: Canada | E83: Copper | F83: Mining+refining | G83: 1.5825613 | H83: 0.50044949 | I83: 3.1105198e-13 | J83: 7.6968124e-06 | K83: 43.668241 | L83: 0.13309567 | M83: 3.5543982e-07 | N83: 1.812138e-10 | O83: 1.6524279e-05 | P83: 2.053288e-05 | Q83: 0.55284509 | R83: 0.060011146 | S83: 1.8660743e-06 | T83: 1.8718041e-05 | U83: 0.001255493 | V83: 0.00059400133 | W83: 5.1169709e-05 | X83: 0.068113497 | Y83: 0.68320847 | Z83: 4.0331609e-08 | AA83: 6.0021421e-09 | AB83: 5.3190367e-08 | AC83: =SUM(G83:AB83) -> 47.250492
A84: IMAGE_SSP2L | B84: 2030 | C84: Cu refining CA | D84: Canada | E84: Copper | F84: Mining+refining | G84: 1.5825613 | H84: 0.50044949 | I84: 3.1105198e-13 | J84: 7.6968124e-06 | K84: 43.668241 | L84: 0.13309567 | M84: 3.5543982e-07 | N84: 1.812138e-10 | O84: 1.6524279e-05 | P84: 2.053288e-05 | Q84: 0.55284509 | R84: 0.060011146 | S84: 1.8660743e-06 | T84: 1.8718041e-05 | U84: 0.001255493 | V84: 0.00059400133 | W84: 5.1169709e-05 | X84: 0.068113497 | Y84: 0.68320847 | Z84: 4.0331609e-08 | AA84: 6.0021421e-09 | AB84: 5.3190367e-08 | AC84: =SUM(G84:AB84) -> 47.250492
A85: IMAGE_SSP2L | B85: 2035 | C85: Cu refining CA | D85: Canada | E85: Copper | F85: Mining+refining | G85: 1.5825613 | H85: 0.50044949 | I85: 3.1105198e-13 | J85: 7.6968124e-06 | K85: 43.668241 | L85: 0.13309567 | M85: 3.5543982e-07 | N85: 1.812138e-10 | O85: 1.6524279e-05 | P85: 2.053288e-05 | Q85: 0.55284509 | R85: 0.060011146 | S85: 1.8660743e-06 | T85: 1.8718041e-05 | U85: 0.001255493 | V85: 0.00059400133 | W85: 5.1169709e-05 | X85: 0.068113497 | Y85: 0.68320847 | Z85: 4.0331609e-08 | AA85: 6.0021421e-09 | AB85: 5.3190367e-08 | AC85: =SUM(G85:AB85) -> 47.250492
A86: IMAGE_SSP2L | B86: 2040 | C86: Cu refining CA | D86: Canada | E86: Copper | F86: Mining+refining | G86: 1.5825613 | H86: 0.50044949 | I86: 3.1105198e-13 | J86: 7.6968124e-06 | K86: 43.668241 | L86: 0.13309567 | M86: 3.5543982e-07 | N86: 1.812138e-10 | O86: 1.6524279e-05 | P86: 2.053288e-05 | Q86: 0.55284509 | R86: 0.060011146 | S86: 1.8660743e-06 | T86: 1.8718041e-05 | U86: 0.001255493 | V86: 0.00059400133 | W86: 5.1169709e-05 | X86: 0.068113497 | Y86: 0.68320847 | Z86: 4.0331609e-08 | AA86: 6.0021421e-09 | AB86: 5.3190367e-08 | AC86: =SUM(G86:AB86) -> 47.250492
A87: IMAGE_SSP2L | B87: 2020 | C87: Cu refining World | D87: World | E87: Copper | F87: Mining+refining | G87: 2.0125753 | H87: 0.62341335 | I87: 2.0310768e-13 | J87: 2.2478895e-05 | K87: 19.879721 | L87: 0.26843395 | M87: 4.5234179e-06 | N87: 6.9490431e-10 | O87: 4.3866931e-05 | P87: 5.6706327e-05 | Q87: 0.71665159 | R87: 0.077793585 | S87: 2.1104921e-05 | T87: 2.4320098e-05 | U87: 0.0076264887 | V87: 0.00059818398 | W87: 0.0001525038 | X87: 0.77035618 | Y87: 0.88768355 | Z87: 3.2786345e-07 | AA87: 3.407717e-08 | AB87: 1.3772536e-07 | AC87: =SUM(G87:AB87) -> 25.245179
A88: IMAGE_SSP2L | B88: 2025 | C88: Cu refining World | D88: World | E88: Copper | F88: Mining+refining | G88: 2.0125753 | H88: 0.62341335 | I88: 2.0310768e-13 | J88: 2.2478895e-05 | K88: 19.879721 | L88: 0.26843395 | M88: 4.5234179e-06 | N88: 6.9490431e-10 | O88: 4.3866931e-05 | P88: 5.6706327e-05 | Q88: 0.71665159 | R88: 0.077793585 | S88: 2.1104921e-05 | T88: 2.4320098e-05 | U88: 0.0076264887 | V88: 0.00059818398 | W88: 0.0001525038 | X88: 0.77035618 | Y88: 0.88768355 | Z88: 3.2786345e-07 | AA88: 3.407717e-08 | AB88: 1.3772536e-07 | AC88: =SUM(G88:AB88) -> 25.245179
A89: IMAGE_SSP2L | B89: 2030 | C89: Cu refining World | D89: World | E89: Copper | F89: Mining+refining | G89: 2.0125753 | H89: 0.62341335 | I89: 2.0310768e-13 | J89: 2.2478895e-05 | K89: 19.879721 | L89: 0.26843395 | M89: 4.5234179e-06 | N89: 6.9490431e-10 | O89: 4.3866931e-05 | P89: 5.6706327e-05 | Q89: 0.71665159 | R89: 0.077793585 | S89: 2.1104921e-05 | T89: 2.4320098e-05 | U89: 0.0076264887 | V89: 0.00059818398 | W89: 0.0001525038 | X89: 0.77035618 | Y89: 0.88768355 | Z89: 3.2786345e-07 | AA89: 3.407717e-08 | AB89: 1.3772536e-07 | AC89: =SUM(G89:AB89) -> 25.245179
A90: IMAGE_SSP2L | B90: 2035 | C90: Cu refining World | D90: World | E90: Copper | F90: Mining+refining | G90: 2.0125753 | H90: 0.62341335 | I90: 2.0310768e-13 | J90: 2.2478895e-05 | K90: 19.879721 | L90: 0.26843395 | M90: 4.5234179e-06 | N90: 6.9490431e-10 | O90: 4.3866931e-05 | P90: 5.6706327e-05 | Q90: 0.71665159 | R90: 0.077793585 | S90: 2.1104921e-05 | T90: 2.4320098e-05 | U90: 0.0076264887 | V90: 0.00059818398 | W90: 0.0001525038 | X90: 0.77035618 | Y90: 0.88768355 | Z90: 3.2786345e-07 | AA90: 3.407717e-08 | AB90: 1.3772536e-07 | AC90: =SUM(G90:AB90) -> 25.245179
A91: IMAGE_SSP2L | B91: 2040 | C91: Cu refining World | D91: World | E91: Copper | F91: Mining+refining | G91: 2.0125753 | H91: 0.62341335 | I91: 2.0310768e-13 | J91: 2.2478895e-05 | K91: 19.879721 | L91: 0.26843395 | M91: 4.5234179e-06 | N91: 6.9490431e-10 | O91: 4.3866931e-05 | P91: 5.6706327e-05 | Q91: 0.71665159 | R91: 0.077793585 | S91: 2.1104921e-05 | T91: 2.4320098e-05 | U91: 0.0076264887 | V91: 0.00059818398 | W91: 0.0001525038 | X91: 0.77035618 | Y91: 0.88768355 | Z91: 3.2786345e-07 | AA91: 3.407717e-08 | AB91: 1.3772536e-07 | AC91: =SUM(G91:AB91) -> 25.245179
A92: IMAGE_SSP2L | B92: 2020 | C92: Li refining CA | D92: Canada | E92: Lithium | F92: Mining+refining | G92: 1.9702471 | H92: 0.59515954 | I92: 5.1634308e-13 | J92: 4.5432129e-05 | K92: 1.2009228 | L92: 0.1898212 | M92: 5.1260694e-07 | N92: 2.5245761e-10 | O92: 6.3935818e-05 | P92: 8.3360157e-05 | Q92: 0.71140933 | R92: 0.077224713 | S92: 1.8139992e-06 | T92: 2.0848667e-06 | U92: 0.23909124 | V92: 0.00068508088 | W92: 0.00028455206 | X92: 0.066212585 | Y92: 0.076097633 | Z92: 4.383361e-07 | AA92: 1.4714565e-08 | AB92: 2.051144e-07 | AC92: =SUM(G92:AB92) -> 5.1273535
A93: IMAGE_SSP2L | B93: 2025 | C93: Li refining CA | D93: Canada | E93: Lithium | F93: Mining+refining | G93: 1.9702471 | H93: 0.59515954 | I93: 5.1634308e-13 | J93: 4.5432129e-05 | K93: 1.2009228 | L93: 0.1898212 | M93: 5.1260694e-07 | N93: 2.5245761e-10 | O93: 6.3935818e-05 | P93: 8.3360157e-05 | Q93: 0.71140933 | R93: 0.077224713 | S93: 1.8139992e-06 | T93: 2.0848667e-06 | U93: 0.23909124 | V93: 0.00068508088 | W93: 0.00028455206 | X93: 0.066212585 | Y93: 0.076097633 | Z93: 4.383361e-07 | AA93: 1.4714565e-08 | AB93: 2.051144e-07 | AC93: =SUM(G93:AB93) -> 5.1273535
... A116: IMAGE_SSP2L | B116: 2040 | C116: Ni mining World | D116: World | E116: Nickel | F116: Mining | G116: 0.24074409 | H116: 0.073995085 | I116: 2.0431814e-14 | J116: 3.716823e-06 | K116: 0.037527837 | L116: 0.011786136 | M116: 5.1745666e-07 | N116: 6.3700217e-11 | O116: 5.2071219e-06 | P116: 6.5926543e-06 | Q116: 0.085810929 | R116: 0.0093149367 | S116: 3.9302082e-08 | T116: 4.7406868e-08 | U116: 0.00098962225 | V116: 8.4992564e-05 | W116: 2.4989557e-05 | X116: 0.0014346426 | Y116: 0.0017303506 | Z116: 3.8772939e-08 | AA116: 3.8602749e-09 | AB116: 2.7641955e-08 | AC116: =SUM(G116:AB116) -> 0.4634598
A117: IMAGE_SSP2L | B117: 2020 | C117: Ni refining CA | D117: Canada | E117: Nickel | F117: Refining | G117: =G127-G107 -> 1.5595644 | H117: =H127-H107 -> 0.47810986 | I117: =I127-I107 -> 1.311225e-13 | J117: =J127-J107 -> 2.636745e-05 | K117: =K127-K107 -> 0.26950264 | L117: =L127-L107 -> 0.080666915 | M117: =M127-M107 -> 4.2217653e-06 | N117: =N127-N107 -> 5.5252055e-10 | ... AB117: =AB127-AB107 -> 1.8758761e-07 | AC117: =SUM(G117:AB117) -> 3.0408316
A118: IMAGE_SSP2L | B118: 2025 | C118: Ni refining CA | D118: Canada | E118: Nickel | F118: Refining | G118: =G128-G108 -> 1.5595644 | H118: =H128-H108 -> 0.47810986 | I118: =I128-I108 -> 1.311225e-13 | J118: =J128-J108 -> 2.636745e-05 | K118: =K128-K108 -> 0.26950264 | L118: =L128-L108 -> 0.080666915 | M118: =M128-M108 -> 4.2217653e-06 | N118: =N128-N108 -> 5.5252055e-10 | ... AB118: =AB128-AB108 -> 1.8758761e-07 | AC118: =SUM(G118:AB118) -> 3.0408316
A119: IMAGE_SSP2L | B119: 2030 | C119: Ni refining CA | D119: Canada | E119: Nickel | F119: Refining | G119: =G129-G109 -> 1.5595644 | H119: =H129-H109 -> 0.47810986 | I119: =I129-I109 -> 1.311225e-13 | J119: =J129-J109 -> 2.636745e-05 | K119: =K129-K109 -> 0.26950264 | L119: =L129-L109 -> 0.080666915 | M119: =M129-M109 -> 4.2217653e-06 | N119: =N129-N109 -> 5.5252055e-10 | ... AB119: =AB129-AB109 -> 1.8758761e-07 | AC119: =SUM(G119:AB119) -> 3.0408316
A120: IMAGE_SSP2L | B120: 2035 | C120: Ni refining CA | D120: Canada | E120: Nickel | F120: Refining | G120: =G130-G110 -> 1.5595644 | H120: =H130-H110 -> 0.47810986 | I120: =I130-I110 -> 1.311225e-13 | J120: =J130-J110 -> 2.636745e-05 | K120: =K130-K110 -> 0.26950264 | L120: =L130-L110 -> 0.080666915 | M120: =M130-M110 -> 4.2217653e-06 | N120: =N130-N110 -> 5.5252055e-10 | ... AB120: =AB130-AB110 -> 1.8758761e-07 | AC120: =SUM(G120:AB120) -> 3.0408316
A121: IMAGE_SSP2L | B121: 2040 | C121: Ni refining CA | D121: Canada | E121: Nickel | F121: Refining | G121: =G131-G111 -> 1.5595644 | H121: =H131-H111 -> 0.47810986 | I121: =I131-I111 -> 1.311225e-13 | J121: =J131-J111 -> 2.636745e-05 | K121: =K131-K111 -> 0.26950264 | L121: =L131-L111 -> 0.080666915 | M121: =M131-M111 -> 4.2217653e-06 | N121: =N131-N111 -> 5.5252055e-10 | ... AB121: =AB131-AB111 -> 1.8758761e-07 | AC121: =SUM(G121:AB121) -> 3.0408316
A122: IMAGE_SSP2L | B122: 2020 | C122: Ni refining World | D122: World | E122: Nickel | F122: Refining | G122: =G132-G112 -> 5.0310477 | H122: =H132-H112 -> 1.5712872 | I122: =I132-I112 -> 2.448186e-13 | J122: =J132-J112 -> 1.6915407e-05 | K122: =K132-K112 -> 15.318666 | L122: =L132-L112 -> 1.4527212 | M122: =M132-M112 -> 2.4776669e-06 | N122: =N132-N112 -> 3.4819627e-10 | ... AB122: =AB132-AB112 -> 1.7605527e-07 | AC122: =SUM(G122:AB122) -> 42.011988
A123: IMAGE_SSP2L | B123: 2025 | C123: Ni refining World | D123: World | E123: Nickel | F123: Refining | G123: =G133-G113 -> 5.0310477 | H123: =H133-H113 -> 1.5712872 | I123: =I133-I113 -> 2.448186e-13 | J123: =J133-J113 -> 1.6915407e-05 | K123: =K133-K113 -> 15.318666 | L123: =L133-L113 -> 1.4527212 | M123: =M133-M113 -> 2.4776669e-06 | N123: =N133-N113 -> 3.4819627e-10 | ... AB123: =AB133-AB113 -> 1.7605527e-07 | AC123: =SUM(G123:AB123) -> 42.011988
A124: IMAGE_SSP2L | B124: 2030 | C124: Ni refining World | D124: World | E124: Nickel | F124: Refining | G124: =G134-G114 -> 5.0310477 | H124: =H134-H114 -> 1.5712872 | I124: =I134-I114 -> 2.448186e-13 | J124: =J134-J114 -> 1.6915407e-05 | K124: =K134-K114 -> 15.318666 | L124: =L134-L114 -> 1.4527212 | M124: =M134-M114 -> 2.4776669e-06 | N124: =N134-N114 -> 3.4819627e-10 | ... AB124: =AB134-AB114 -> 1.7605527e-07 | AC124: =SUM(G124:AB124) -> 42.011988
A125: IMAGE_SSP2L | B125: 2035 | C125: Ni refining World | D125: World | E125: Nickel | F125: Refining | G125: =G135-G115 -> 5.0310477 | H125: =H135-H115 -> 1.5712872 | I125: =I135-I115 -> 2.448186e-13 | J125: =J135-J115 -> 1.6915407e-05 | K125: =K135-K115 -> 15.318666 | L125: =L135-L115 -> 1.4527212 | M125: =M135-M115 -> 2.4776669e-06 | N125: =N135-N115 -> 3.4819627e-10 | ... AB125: =AB135-AB115 -> 1.7605527e-07 | AC125: =SUM(G125:AB125) -> 42.011988
A126: IMAGE_SSP2L | B126: 2040 | C126: Ni refining World | D126: World | E126: Nickel | F126: Refining | G126: =G136-G116 -> 5.0310477 | H126: =H136-H116 -> 1.5712872 | I126: =I136-I116 -> 2.448186e-13 | J126: =J136-J116 -> 1.6915407e-05 | K126: =K136-K116 -> 15.318666 | L126: =L136-L116 -> 1.4527212 | M126: =M136-M116 -> 2.4776669e-06 | N126: =N136-N116 -> 3.4819627e-10 | ... AB126: =AB136-AB116 -> 1.7605527e-07 | AC126: =SUM(G126:AB126) -> 42.011988
A127: IMAGE_SSP2L | B127: 2020 | C127: Ni refining CA | D127: Canada | E127: Nickel | F127: Mining+refining | G127: 1.7470354 | H127: 0.53596255 | I127: 1.4955816e-13 | J127: 2.7853395e-05 | K127: 0.29483666 | L127: 0.089380496 | M127: 4.2290894e-06 | N127: 5.5677055e-10 | O127: 4.1423371e-05 | P127: 5.3314937e-05 | Q127: 0.62316667 | R127: 0.06764592 | S127: 3.7272652e-07 | T127: 4.9088272e-07 | U127: 0.0067125563 | V127: 0.00061601135 | W127: 0.00018762238 | X127: 0.013605431 | Y127: 0.017917219 | Z127: 3.1296801e-07 | AA127: 3.1384719e-08 | AB127: 2.0262479e-07 | AC127: =SUM(G127:AB127) -> 3.3971948
A128: IMAGE_SSP2L | B128: 2025 | C128: Ni refining CA | D128: Canada | E128: Nickel | F128: Mining+refining | G128: 1.7470354 | H128: 0.53596255 | I128: 1.4955816e-13 | J128: 2.7853395e-05 | K128: 0.29483666 | L128: 0.089380496 | M128: 4.2290894e-06 | N128: 5.5677055e-10 | O128: 4.1423371e-05 | P128: 5.3314937e-05 | Q128: 0.62316667 | R128: 0.06764592 | S128: 3.7272652e-07 | T128: 4.9088272e-07 | U128: 0.0067125563 | V128: 0.00061601135 | W128: 0.00018762238 | X128: 0.013605431 | Y128: 0.017917219 | Z128: 3.1296801e-07 | AA128: 3.1384719e-08 | AB128: 2.0262479e-07 | AC128: =SUM(G128:AB128) -> 3.3971948
A129: IMAGE_SSP2L | B129: 2030 | C129: Ni refining CA | D129: Canada | E129: Nickel | F129: Mining+refining | G129: 1.7470354 | H129: 0.53596255 | I129: 1.4955816e-13 | J129: 2.7853395e-05 | K129: 0.29483666 | L129: 0.089380496 | M129: 4.2290894e-06 | N129: 5.5677055e-10 | O129: 4.1423371e-05 | P129: 5.3314937e-05 | Q129: 0.62316667 | R129: 0.06764592 | S129: 3.7272652e-07 | T129: 4.9088272e-07 | U129: 0.0067125563 | V129: 0.00061601135 | W129: 0.00018762238 | X129: 0.013605431 | Y129: 0.017917219 | Z129: 3.1296801e-07 | AA129: 3.1384719e-08 | AB129: 2.0262479e-07 | AC129: =SUM(G129:AB129) -> 3.3971948
A130: IMAGE_SSP2L | B130: 2035 | C130: Ni refining CA | D130: Canada | E130: Nickel | F130: Mining+refining | G130: 1.7470354 | H130: 0.53596255 | I130: 1.4955816e-13 | J130: 2.7853395e-05 | K130: 0.29483666 | L130: 0.089380496 | M130: 4.2290894e-06 | N130: 5.5677055e-10 | O130: 4.1423371e-05 | P130: 5.3314937e-05 | Q130: 0.62316667 | R130: 0.06764592 | S130: 3.7272652e-07 | T130: 4.9088272e-07 | U130: 0.0067125563 | V130: 0.00061601135 | W130: 0.00018762238 | X130: 0.013605431 | Y130: 0.017917219 | Z130: 3.1296801e-07 | AA130: 3.1384719e-08 | AB130: 2.0262479e-07 | AC130: =SUM(G130:AB130) -> 3.3971948
A131: IMAGE_SSP2L | B131: 2040 | C131: Ni refining CA | D131: Canada | E131: Nickel | F131: Mining+refining | G131: 1.7470354 | H131: 0.53596255 | I131: 1.4955816e-13 | J131: 2.7853395e-05 | K131: 0.29483666 | L131: 0.089380496 | M131: 4.2290894e-06 | N131: 5.5677055e-10 | O131: 4.1423371e-05 | P131: 5.3314937e-05 | Q131: 0.62316667 | R131: 0.06764592 | S131: 3.7272652e-07 | T131: 4.9088272e-07 | U131: 0.0067125563 | V131: 0.00061601135 | W131: 0.00018762238 | X131: 0.013605431 | Y131: 0.017917219 | Z131: 3.1296801e-07 | AA131: 3.1384719e-08 | AB131: 2.0262479e-07 | AC131: =SUM(G131:AB131) -> 3.3971948
A132: IMAGE_SSP2L | B132: 2020 | C132: Ni refining World | D132: World | E132: Nickel | F132: Mining+refining | G132: 5.2717918 | H132: 1.6452822 | I132: 2.6525041e-13 | J132: 2.063223e-05 | K132: 15.356194 | L132: 1.4645073 | M132: 2.9951236e-06 | N132: 4.1189648e-10 | O132: 4.9349907e-05 | P132: 5.5378336e-05 | Q132: 2.0866234 | R132: 0.22647226 | S132: 0.00026277377 | T132: 0.00018672113 | U132: 0.016327448 | V132: 0.00096712503 | W132: 0.0001390546 | X132: 9.5912436 | Y132: 6.8153213 | Z132: 2.3024273e-07 | AA132: 2.2443134e-08 | AB132: 2.0369723e-07 | AC132: =SUM(G132:AB132) -> 42.475448
A133: IMAGE_SSP2L | B133: 2025 | C133: Ni refining World | D133: World | E133: Nickel | F133: Mining+refining | G133: 5.2717918 | H133: 1.6452822 | I133: 2.6525041e-13 | J133: 2.063223e-05 | K133: 15.356194 | L133: 1.4645073 | M133: 2.9951236e-06 | N133: 4.1189648e-10 | O133: 4.9349907e-05 | P133: 5.5378336e-05 | Q133: 2.0866234 | R133: 0.22647226 | S133: 0.00026277377 | T133: 0.00018672113 | U133: 0.016327448 | V133: 0.00096712503 | W133: 0.0001390546 | X133: 9.5912436 | Y133: 6.8153213 | Z133: 2.3024273e-07 | AA133: 2.2443134e-08 | AB133: 2.0369723e-07 | AC133: =SUM(G133:AB133) -> 42.475448
A134: IMAGE_SSP2L | B134: 2030 | C134: Ni refining World | D134: World | E134: Nickel | F134: Mining+refining | G134: 5.2717918 | H134: 1.6452822 | I134: 2.6525041e-13 | J134: 2.063223e-05 | K134: 15.356194 | L134: 1.4645073 | M134: 2.9951236e-06 | N134: 4.1189648e-10 | O134: 4.9349907e-05 | P134: 5.5378336e-05 | Q134: 2.0866234 | R134: 0.22647226 | S134: 0.00026277377 | T134: 0.00018672113 | U134: 0.016327448 | V134: 0.00096712503 | W134: 0.0001390546 | X134: 9.5912436 | Y134: 6.8153213 | Z134: 2.3024273e-07 | AA134: 2.2443134e-08 | AB134: 2.0369723e-07 | AC134: =SUM(G134:AB134) -> 42.475448
A135: IMAGE_SSP2L | B135: 2035 | C135: Ni refining World | D135: World | E135: Nickel | F135: Mining+refining | G135: 5.2717918 | H135: 1.6452822 | I135: 2.6525041e-13 | J135: 2.063223e-05 | K135: 15.356194 | L135: 1.4645073 | M135: 2.9951236e-06 | N135: 4.1189648e-10 | O135: 4.9349907e-05 | P135: 5.5378336e-05 | Q135: 2.0866234 | R135: 0.22647226 | S135: 0.00026277377 | T135: 0.00018672113 | U135: 0.016327448 | V135: 0.00096712503 | W135: 0.0001390546 | X135: 9.5912436 | Y135: 6.8153213 | Z135: 2.3024273e-07 | AA135: 2.2443134e-08 | AB135: 2.0369723e-07 | AC135: =SUM(G135:AB135) -> 42.475448
A136: IMAGE_SSP2L | B136: 2040 | C136: Ni refining World | D136: World | E136: Nickel | F136: Mining+refining | G136: 5.2717918 | H136: 1.6452822 | I136: 2.6525041e-13 | J136: 2.063223e-05 | K136: 15.356194 | L136: 1.4645073 | M136: 2.9951236e-06 | N136: 4.1189648e-10 | O136: 4.9349907e-05 | P136: 5.5378336e-05 | Q136: 2.0866234 | R136: 0.22647226 | S136: 0.00026277377 | T136: 0.00018672113 | U136: 0.016327448 | V136: 0.00096712503 | W136: 0.0001390546 | X136: 9.5912436 | Y136: 6.8153213 | Z136: 2.3024273e-07 | AA136: 2.2443134e-08 | AB136: 2.0369723e-07 | AC136: =SUM(G136:AB136) -> 42.475448

Sheet HH_LCA_results
A1: Scenario | B1: Year | C1: Commodity | D1: Geography | E1: Metal | F1: Reference point | G1: Climate change HH LT (DALY) | H1: Climate change HH ST (DALY) | I1: Human toxicity cancer LT (DALY) | J1: Human toxicity cancer ST (DALY) | K1: Human toxicity non-cancer LT (DALY) | L1: Human toxicity non-cancer ST (DALY) | M1: Ionizing radiations HH (DALY) | N1: Ozone layer depletion (DALY) | O1: Particulate matter formation (DALY) | P1: Photochemical ozone HH (DALY) | Q1: Water availability HH (DALY) | R1: Total HH
A2: IMAGE_SSP2L | B2: 2020 | C2: C mining CA | D2: Canada | E2: Graphite | F2: Mining | G2: 5.948767e-08 | H2: 1.824907e-08 | I2: 1.8888778e-11 | J2: 8.2769114e-10 | K2: 5.175596e-10 | L2: 2.0597785e-10 | M2: 2.7419535e-12 | N2: 2.3950329e-13 | O2: 9.9025772e-13 | P2: 1.0780135e-13 | Q2: 6.0973892e-13 | R2: =SUM(G2:Q2) -> 7.9311547e-08
A3: IMAGE_SSP2L | B3: 2025 | C3: C mining CA | D3: Canada | E3: Graphite | F3: Mining | G3: 5.948767e-08 | H3: 1.824907e-08 | I3: 1.8888778e-11 | J3: 8.2769114e-10 | K3: 5.175596e-10 | L3: 2.0597785e-10 | M3: 2.7419535e-12 | N3: 2.3950329e-13 | O3: 9.9025772e-13 | P3: 1.0780135e-13 | Q3: 6.0973892e-13 | R3: =SUM(G3:Q3) -> 7.9311547e-08
A4: IMAGE_SSP2L | B4: 2030 | C4: C mining CA | D4: Canada | E4: Graphite | F4: Mining | G4: 5.948767e-08 | H4: 1.824907e-08 | I4: 1.8888778e-11 | J4: 8.2769114e-10 | K4: 5.175596e-10 | L4: 2.0597785e-10 | M4: 2.7419535e-12 | N4: 2.3950329e-13 | O4: 9.9025772e-13 | P4: 1.0780135e-13 | Q4: 6.0973892e-13 | R4: =SUM(G4:Q4) -> 7.9311547e-08
A5: IMAGE_SSP2L | B5: 2035 | C5: C mining CA | D5: Canada | E5: Graphite | F5: Mining | G5: 5.948767e-08 | H5: 1.824907e-08 | I5: 1.8888778e-11 | J5: 8.2769114e-10 | K5: 5.175596e-10 | L5: 2.0597785e-10 | M5: 2.7419535e-12 | N5: 2.3950329e-13 | O5: 9.9025772e-13 | P5: 1.0780135e-13 | Q5: 6.0973892e-13 | R5: =SUM(G5:Q5) -> 7.9311547e-08
A6: IMAGE_SSP2L | B6: 2040 | C6: C mining CA | D6: Canada | E6: Graphite | F6: Mining | G6: 5.948767e-08 | H6: 1.824907e-08 | I6: 1.8888778e-11 | J6: 8.2769114e-10 | K6: 5.175596e-10 | L6: 2.0597785e-10 | M6: 2.7419535e-12 | N6: 2.3950329e-13 | O6: 9.9025772e-13 | P6: 1.0780135e-13 | Q6: 6.0973892e-13 | R6: =SUM(G6:Q6) -> 7.9311547e-08
A7: IMAGE_SSP2L | B7: 2020 | C7: C mining World | D7: World | E7: Graphite | F7: Mining | G7: 7.6502477e-07 | H7: 2.3186594e-07 | I7: 6.7313254e-10 | J7: 1.1631166e-08 | K7: 8.8395955e-09 | L7: 2.3820629e-09 | M7: 8.5281173e-12 | N7: 3.1741282e-12 | O7: 3.0655233e-12 | P7: 1.400023e-12 | Q7: 1.8584483e-12 | R7: =SUM(G7:Q7) -> 1.0204347e-06
A8: IMAGE_SSP2L | B8: 2025 | C8: C mining World | D8: World | E8: Graphite | F8: Mining | G8: 7.6502477e-07 | H8: 2.3186594e-07 | I8: 6.7313254e-10 | J8: 1.1631166e-08 | K8: 8.8395955e-09 | L8: 2.3820629e-09 | M8: 8.5281173e-12 | N8: 3.1741282e-12 | O8: 3.0655233e-12 | P8: 1.400023e-12 | Q8: 1.8584483e-12 | R8: =SUM(G8:Q8) -> 1.0204347e-06
A9: IMAGE_SSP2L | B9: 2030 | C9: C mining World | D9: World | E9: Graphite | F9: Mining | G9: 7.6502477e-07 | H9: 2.3186594e-07 | I9: 6.7313254e-10 | J9: 1.1631166e-08 | K9: 8.8395955e-09 | L9: 2.3820629e-09 | M9: 8.5281173e-12 | N9: 3.1741282e-12 | O9: 3.0655233e-12 | P9: 1.400023e-12 | Q9: 1.8584483e-12 | R9: =SUM(G9:Q9) -> 1.0204347e-06
A10: IMAGE_SSP2L | B10: 2035 | C10: C mining World | D10: World | E10: Graphite | F10: Mining | G10: 7.6502477e-07 | H10: 2.3186594e-07 | I10: 6.7313254e-10 | J10: 1.1631166e-08 | K10: 8.8395955e-09 | L10: 2.3820629e-09 | M10: 8.5281173e-12 | N10: 3.1741282e-12 | O10: 3.0655233e-12 | P10: 1.400023e-12 | Q10: 1.8584483e-12 | R10: =SUM(G10:Q10) -> 1.0204347e-06
A11: IMAGE_SSP2L | B11: 2040 | C11: C mining World | D11: World | E11: Graphite | F11: Mining | G11: 7.6502477e-07 | H11: 2.3186594e-07 | I11: 6.7313254e-10 | J11: 1.1631166e-08 | K11: 8.8395955e-09 | L11: 2.3820629e-09 | M11: 8.5281173e-12 | N11: 3.1741282e-12 | O11: 3.0655233e-12 | P11: 1.400023e-12 | Q11: 1.8584483e-12 | R11: =SUM(G11:Q11) -> 1.0204347e-06
A12: IMAGE_SSP2L | B12: 2020 | C12: C refining CA | D12: Canada | E12: Graphite | F12: Refining | G12: =G22-G2 -> 1.7768883e-05 | H12: =H22-H2 -> 5.6767706e-06 | I12: =I22-I2 -> 1.1553476e-08 | J12: =J22-J2 -> 2.8091069e-06 | K12: =K22-K2 -> 3.3653622e-07 | L12: =L22-L2 -> 1.1701744e-07 | M12: =M22-M2 -> 1.7291399e-09 | N12: =N22-N2 -> 1.126697e-10 | ... Q12: =Q22-Q2 -> 3.6064576e-11 | R12: =SUM(G12:Q12) -> 2.6721847e-05
A13: IMAGE_SSP2L | B13: 2025 | C13: C refining CA | D13: Canada | E13: Graphite | F13: Refining | G13: =G23-G3 -> 1.7768883e-05 | H13: =H23-H3 -> 5.6767706e-06 | I13: =I23-I3 -> 1.1553476e-08 | J13: =J23-J3 -> 2.8091069e-06 | K13: =K23-K3 -> 3.3653622e-07 | L13: =L23-L3 -> 1.1701744e-07 | M13: =M23-M3 -> 1.7291399e-09 | N13: =N23-N3 -> 1.126697e-10 | ... Q13: =Q23-Q3 -> 3.6064576e-11 | R13: =SUM(G13:Q13) -> 2.6721847e-05
A14: IMAGE_SSP2L | B14: 2030 | C14: C refining CA | D14: Canada | E14: Graphite | F14: Refining | G14: =G24-G4 -> 1.7768883e-05 | H14: =H24-H4 -> 5.6767706e-06 | I14: =I24-I4 -> 1.1553476e-08 | J14: =J24-J4 -> 2.8091069e-06 | K14: =K24-K4 -> 3.3653622e-07 | L14: =L24-L4 -> 1.1701744e-07 | M14: =M24-M4 -> 1.7291399e-09 | N14: =N24-N4 -> 1.126697e-10 | ... Q14: =Q24-Q4 -> 3.6064576e-11 | R14: =SUM(G14:Q14) -> 2.6721847e-05
A15: IMAGE_SSP2L | B15: 2035 | C15: C refining CA | D15: Canada | E15: Graphite | F15: Refining | G15: =G25-G5 -> 1.7768883e-05 | H15: =H25-H5 -> 5.6767706e-06 | I15: =I25-I5 -> 1.1553476e-08 | J15: =J25-J5 -> 2.8091069e-06 | K15: =K25-K5 -> 3.3653622e-07 | L15: =L25-L5 -> 1.1701744e-07 | M15: =M25-M5 -> 1.7291399e-09 | N15: =N25-N5 -> 1.126697e-10 | ... Q15: =Q25-Q5 -> 3.6064576e-11 | R15: =SUM(G15:Q15) -> 2.6721847e-05
A16: IMAGE_SSP2L | B16: 2040 | C16: C refining CA | D16: Canada | E16: Graphite | F16: Refining | G16: =G26-G6 -> 1.7768883e-05 | H16: =H26-H6 -> 5.6767706e-06 | I16: =I26-I6 -> 1.1553476e-08 | J16: =J26-J6 -> 2.8091069e-06 | K16: =K26-K6 -> 3.3653622e-07 | L16: =L26-L6 -> 1.1701744e-07 | M16: =M26-M6 -> 1.7291399e-09 | N16: =N26-N6 -> 1.126697e-10 | ... Q16: =Q26-Q6 -> 3.6064576e-11 | R16: =SUM(G16:Q16) -> 2.6721847e-05
A17: IMAGE_SSP2L | B17: 2020 | C17: C refining World | D17: World | E17: Graphite | F17: Refining | G17: =G27-G7 -> 2.8745211e-05 | H17: =H27-H7 -> 9.1498278e-06 | I17: =I27-I7 -> 1.9872368e-08 | J17: =J27-J7 -> 2.8465185e-06 | K17: =K27-K7 -> 5.9341081e-07 | L17: =L27-L7 -> 1.7629437e-07 | M17: =M27-M7 -> 1.9908056e-09 | N17: =N27-N7 -> 1.1993705e-10 | ... Q17: =Q27-Q7 -> 4.1815271e-11 | R17: =SUM(G17:Q17) -> 4.1533397e-05
A18: IMAGE_SSP2L | B18: 2025 | C18: C refining World | D18: World | E18: Graphite | F18: Refining | G18: =G28-G8 -> 2.8745211e-05 | H18: =H28-H8 -> 9.1498278e-06 | I18: =I28-I8 -> 1.9872368e-08 | J18: =J28-J8 -> 2.8465185e-06 | K18: =K28-K8 -> 5.9341081e-07 | L18: =L28-L8 -> 1.7629437e-07 | M18: =M28-M8 -> 1.9908056e-09 | N18: =N28-N8 -> 1.1993705e-10 | ... Q18: =Q28-Q8 -> 4.1815271e-11 | R18: =SUM(G18:Q18) -> 4.1533397e-05
A19: IMAGE_SSP2L | B19: 2030 | C19: C refining World | D19: World | E19: Graphite | F19: Refining | G19: =G29-G9 -> 2.8745211e-05 | H19: =H29-H9 -> 9.1498278e-06 | I19: =I29-I9 -> 1.9872368e-08 | J19: =J29-J9 -> 2.8465185e-06 | K19: =K29-K9 -> 5.9341081e-07 | L19: =L29-L9 -> 1.7629437e-07 | M19: =M29-M9 -> 1.9908056e-09 | N19: =N29-N9 -> 1.1993705e-10 | ... Q19: =Q29-Q9 -> 4.1815271e-11 | R19: =SUM(G19:Q19) -> 4.1533397e-05
A20: IMAGE_SSP2L | B20: 2035 | C20: C refining World | D20: World | E20: Graphite | F20: Refining | G20: =G30-G10 -> 2.8745211e-05 | H20: =H30-H10 -> 9.1498278e-06 | I20: =I30-I10 -> 1.9872368e-08 | J20: =J30-J10 -> 2.8465185e-06 | K20: =K30-K10 -> 5.9341081e-07 | L20: =L30-L10 -> 1.7629437e-07 | M20: =M30-M10 -> 1.9908056e-09 | N20: =N30-N10 -> 1.1993705e-10 | ... Q20: =Q30-Q10 -> 4.1815271e-11 | R20: =SUM(G20:Q20) -> 4.1533397e-05
A21: IMAGE_SSP2L | B21: 2040 | C21: C refining World | D21: World | E21: Graphite | F21: Refining | G21: =G31-G11 -> 2.8745211e-05 | H21: =H31-H11 -> 9.1498278e-06 | I21: =I31-I11 -> 1.9872368e-08 | J21: =J31-J11 -> 2.8465185e-06 | K21: =K31-K11 -> 5.9341081e-07 | L21: =L31-L11 -> 1.7629437e-07 | M21: =M31-M11 -> 1.9908056e-09 | N21: =N31-N11 -> 1.1993705e-10 | ... Q21: =Q31-Q11 -> 4.1815271e-11 | R21: =SUM(G21:Q21) -> 4.1533397e-05
A22: IMAGE_SSP2L | B22: 2020 | C22: C refining CA | D22: Canada | E22: Graphite | F22: Mining+refining | G22: 1.7828371e-05 | H22: 5.6950197e-06 | I22: 1.1572364e-08 | J22: 2.8099346e-06 | K22: 3.3705378e-07 | L22: 1.1722342e-07 | M22: 1.7318818e-09 | N22: 1.1290921e-10 | O22: 6.1428755e-11 | P22: 4.0492933e-11 | Q22: 3.6674315e-11 | R22: =SUM(G22:Q22) -> 2.6801158e-05
A23: IMAGE_SSP2L | B23: 2025 | C23: C refining CA | D23: Canada | E23: Graphite | F23: Mining+refining | G23: 1.7828371e-05 | H23: 5.6950197e-06 | I23: 1.1572364e-08 | J23: 2.8099346e-06 | K23: 3.3705378e-07 | L23: 1.1722342e-07 | M23: 1.7318818e-09 | N23: 1.1290921e-10 | O23: 6.1428755e-11 | P23: 4.0492933e-11 | Q23: 3.6674315e-11 | R23: =SUM(G23:Q23) -> 2.6801158e-05
A24: IMAGE_SSP2L | B24: 2030 | C24: C refining CA | D24: Canada | E24: Graphite | F24: Mining+refining | G24: 1.7828371e-05 | H24: 5.6950197e-06 | I24: 1.1572364e-08 | J24: 2.8099346e-06 | K24: 3.3705378e-07 | L24: 1.1722342e-07 | M24: 1.7318818e-09 | N24: 1.1290921e-10 | O24: 6.1428755e-11 | P24: 4.0492933e-11 | Q24: 3.6674315e-11 | R24: =SUM(G24:Q24) -> 2.6801158e-05
A25: IMAGE_SSP2L | B25: 2035 | C25: C refining CA | D25: Canada | E25: Graphite | F25: Mining+refining | G25: 1.7828371e-05 | H25: 5.6950197e-06 | I25: 1.1572364e-08 | J25: 2.8099346e-06 | K25: 3.3705378e-07 | L25: 1.1722342e-07 | M25: 1.7318818e-09 | N25: 1.1290921e-10 | O25: 6.1428755e-11 | P25: 4.0492933e-11 | Q25: 3.6674315e-11 | R25: =SUM(G25:Q25) -> 2.6801158e-05
A26: IMAGE_SSP2L | B26: 2040 | C26: C refining CA | D26: Canada | E26: Graphite | F26: Mining+refining | G26: 1.7828371e-05 | H26: 5.6950197e-06 | I26: 1.1572364e-08 | J26: 2.8099346e-06 | K26: 3.3705378e-07 | L26: 1.1722342e-07 | M26: 1.7318818e-09 | N26: 1.1290921e-10 | O26: 6.1428755e-11 | P26: 4.0492933e-11 | Q26: 3.6674315e-11 | R26: =SUM(G26:Q26) -> 2.6801158e-05
A27: IMAGE_SSP2L | B27: 2020 | C27: C refining World | D27: World | E27: Graphite | F27: Mining+refining | G27: 2.9510235e-05 | H27: 9.3816938e-06 | I27: 2.0545501e-08 | J27: 2.8581496e-06 | K27: 6.022504e-07 | L27: 1.7867643e-07 | M27: 1.9993338e-09 | N27: 1.2311118e-10 | O27: 7.1376152e-11 | P27: 4.2732152e-11 | Q27: 4.3673719e-11 | R27: =SUM(G27:Q27) -> 4.2553831e-05
A28: IMAGE_SSP2L | B28: 2025 | C28: C refining World | D28: World | E28: Graphite | F28: Mining+refining | G28: 2.9510235e-05 | H28: 9.3816938e-06 | I28: 2.0545501e-08 | J28: 2.8581496e-06 | K28: 6.022504e-07 | L28: 1.7867643e-07 | M28: 1.9993338e-09 | N28: 1.2311118e-10 | O28: 7.1376152e-11 | P28: 4.2732152e-11 | Q28: 4.3673719e-11 | R28: =SUM(G28:Q28) -> 4.2553831e-05
A29: IMAGE_SSP2L | B29: 2030 | C29: C refining World | D29: World | E29: Graphite | F29: Mining+refining | G29: 2.9510235e-05 | H29: 9.3816938e-06 | I29: 2.0545501e-08 | J29: 2.8581496e-06 | K29: 6.022504e-07 | L29: 1.7867643e-07 | M29: 1.9993338e-09 | N29: 1.2311118e-10 | O29: 7.1376152e-11 | P29: 4.2732152e-11 | Q29: 4.3673719e-11 | R29: =SUM(G29:Q29) -> 4.2553831e-05
A30: IMAGE_SSP2L | B30: 2035 | C30: C refining World | D30: World | E30: Graphite | F30: Mining+refining | G30: 2.9510235e-05 | H30: 9.3816938e-06 | I30: 2.0545501e-08 | J30: 2.8581496e-06 | K30: 6.022504e-07 | L30: 1.7867643e-07 | M30: 1.9993338e-09 | N30: 1.2311118e-10 | O30: 7.1376152e-11 | P30: 4.2732152e-11 | Q30: 4.3673719e-11 | R30: =SUM(G30:Q30) -> 4.2553831e-05
A31: IMAGE_SSP2L | B31: 2040 | C31: C refining World | D31: World | E31: Graphite | F31: Mining+refining | G31: 2.9510235e-05 | H31: 9.3816938e-06 | I31: 2.0545501e-08 | J31: 2.8581496e-06 | K31: 6.022504e-07 | L31: 1.7867643e-07 | M31: 1.9993338e-09 | N31: 1.2311118e-10 | O31: 7.1376152e-11 | P31: 4.2732152e-11 | Q31: 4.3673719e-11 | R31: =SUM(G31:Q31) -> 4.2553831e-05
A32: IMAGE_SSP2L | B32: 2020 | C32: Co mining CA | D32: Canada | E32: Cobalt | F32: Mining | G32: 1.7764582e-07 | H32: 5.3813717e-08 | I32: 3.7909546e-11 | J32: 2.3803895e-09 | K32: 9.4756708e-10 | L32: 4.0846561e-10 | M32: 1.4382686e-12 | N32: 7.991718e-13 | O32: 1.6899129e-12 | P32: 3.5057455e-13 | Q32: 7.2616594e-13 | R32: =SUM(G32:Q32) -> 2.3523887e-07
A33: IMAGE_SSP2L | B33: 2025 | C33: Co mining CA | D33: Canada | E33: Cobalt | F33: Mining | G33: 1.7764582e-07 | H33: 5.3813717e-08 | I33: 3.7909546e-11 | J33: 2.3803895e-09 | K33: 9.4756708e-10 | L33: 4.0846561e-10 | M33: 1.4382686e-12 | N33: 7.991718e-13 | O33: 1.6899129e-12 | P33: 3.5057455e-13 | Q33: 7.2616594e-13 | R33: =SUM(G33:Q33) -> 2.3523887e-07
... A41: IMAGE_SSP2L | B41: 2040 | C41: Co mining World | D41: World | E41: Cobalt | F41: Mining | G41: 5.6105656e-07 | H41: 1.6975222e-07 | I41: 4.0818945e-10 | J41: 8.4098534e-09 | K41: 5.4649895e-09 | L41: 1.5795786e-09 | M41: 4.500309e-12 | N41: 2.422185e-12 | O41: 2.7200291e-12 | P41: 1.0681722e-12 | Q41: 1.3749445e-12 | R41: =SUM(G41:Q41) -> 7.4668348e-07
A42: IMAGE_SSP2L | B42: 2020 | C42: Co refining CA | D42: Canada | E42: Cobalt | F42: Refining | G42: =G52-G32 -> 5.3909982e-05 | H42: =H52-H32 -> 1.6173121e-05 | I42: =I52-I32 -> 5.7670926e-08 | J42: =J52-J32 -> 2.9949621e-06 | K42: =K52-K32 -> 1.9534624e-06 | L42: =L52-L32 -> 1.5874871e-06 | M42: =M52-M32 -> 8.9631899e-09 | N42: =N52-N32 -> 5.2045204e-10 | ... Q42: =Q52-Q32 -> 4.5538887e-10 | R42: =SUM(G42:Q42) -> 7.6687394e-05
A43: IMAGE_SSP2L | B43: 2025 | C43: Co refining CA | D43: Canada | E43: Cobalt | F43: Refining | G43: =G53-G33 -> 5.3909982e-05 | H43: =H53-H33 -> 1.6173121e-05 | I43: =I53-I33 -> 5.7670926e-08 | J43: =J53-J33 -> 2.9949621e-06 | K43: =K53-K33 -> 1.9534624e-06 | L43: =L53-L33 -> 1.5874871e-06 | M43: =M53-M33 -> 8.9631899e-09 | N43: =N53-N33 -> 5.2045204e-10 | ... Q43: =Q53-Q33 -> 4.5538887e-10 | R43: =SUM(G43:Q43) -> 7.6687394e-05
A44: IMAGE_SSP2L | B44: 2030 | C44: Co refining CA | D44: Canada | E44: Cobalt | F44: Refining | G44: =G54-G34 -> 5.3909982e-05 | H44: =H54-H34 -> 1.6173121e-05 | I44: =I54-I34 -> 5.7670926e-08 | J44: =J54-J34 -> 2.9949621e-06 | K44: =K54-K34 -> 1.9534624e-06 | L44: =L54-L34 -> 1.5874871e-06 | M44: =M54-M34 -> 8.9631899e-09 | N44: =N54-N34 -> 5.2045204e-10 | ... Q44: =Q54-Q34 -> 4.5538887e-10 | R44: =SUM(G44:Q44) -> 7.6687394e-05
A45: IMAGE_SSP2L | B45: 2035 | C45: Co refining CA | D45: Canada | E45: Cobalt | F45: Refining | G45: =G55-G35 -> 5.3909982e-05 | H45: =H55-H35 -> 1.6173121e-05 | I45: =I55-I35 -> 5.7670926e-08 | J45: =J55-J35 -> 2.9949621e-06 | K45: =K55-K35 -> 1.9534624e-06 | L45: =L55-L35 -> 1.5874871e-06 | M45: =M55-M35 -> 8.9631899e-09 | N45: =N55-N35 -> 5.2045204e-10 | ... Q45: =Q55-Q35 -> 4.5538887e-10 | R45: =SUM(G45:Q45) -> 7.6687394e-05
A46: IMAGE_SSP2L | B46: 2040 | C46: Co refining CA | D46: Canada | E46: Cobalt | F46: Refining | G46: =G56-G36 -> 5.3909982e-05 | H46: =H56-H36 -> 1.6173121e-05 | I46: =I56-I36 -> 5.7670926e-08 | J46: =J56-J36 -> 2.9949621e-06 | K46: =K56-K36 -> 1.9534624e-06 | L46: =L56-L36 -> 1.5874871e-06 | M46: =M56-M36 -> 8.9631899e-09 | N46: =N56-N36 -> 5.2045204e-10 | ... Q46: =Q56-Q36 -> 4.5538887e-10 | R46: =SUM(G46:Q46) -> 7.6687394e-05
A47: IMAGE_SSP2L | B47: 2020 | C47: Co refining World | D47: World | E47: Cobalt | F47: Refining | G47: =G57-G37 -> 5.713579e-05 | H47: =H57-H37 -> 1.7181713e-05 | I47: =I57-I37 -> 5.9992935e-08 | J47: =J57-J37 -> 3.0126481e-06 | K47: =K57-K37 -> 2.0135007e-06 | L47: =L57-L37 -> 1.6006058e-06 | M47: =M57-M37 -> 9.0382471e-09 | N47: =N57-N37 -> 5.2550279e-10 | ... Q47: =Q57-Q37 -> 4.4966116e-10 | R47: =SUM(G47:Q47) -> 8.1015025e-05
A48: IMAGE_SSP2L | B48: 2025 | C48: Co refining World | D48: World | E48: Cobalt | F48: Refining | G48: =G58-G38 -> 5.713579e-05 | H48: =H58-H38 -> 1.7181713e-05 | I48: =I58-I38 -> 5.9992935e-08 | J48: =J58-J38 -> 3.0126481e-06 | K48: =K58-K38 -> 2.0135007e-06 | L48: =L58-L38 -> 1.6006058e-06 | M48: =M58-M38 -> 9.0382471e-09 | N48: =N58-N38 -> 5.2550279e-10 | ... Q48: =Q58-Q38 -> 4.4966116e-10 | R48: =SUM(G48:Q48) -> 8.1015025e-05
A49: IMAGE_SSP2L | B49: 2030 | C49: Co refining World | D49: World | E49: Cobalt | F49: Refining | G49: =G59-G39 -> 5.713579e-05 | H49: =H59-H39 -> 1.7181713e-05 | I49: =I59-I39 -> 5.9992935e-08 | J49: =J59-J39 -> 3.0126481e-06 | K49: =K59-K39 -> 2.0135007e-06 | L49: =L59-L39 -> 1.6006058e-06 | M49: =M59-M39 -> 9.0382471e-09 | N49: =N59-N39 -> 5.2550279e-10 | ... Q49: =Q59-Q39 -> 4.4966116e-10 | R49: =SUM(G49:Q49) -> 8.1015025e-05
A50: IMAGE_SSP2L | B50: 2035 | C50: Co refining World | D50: World | E50: Cobalt | F50: Refining | G50: =G60-G40 -> 5.713579e-05 | H50: =H60-H40 -> 1.7181713e-05 | I50: =I60-I40 -> 5.9992935e-08 | J50: =J60-J40 -> 3.0126481e-06 | K50: =K60-K40 -> 2.0135007e-06 | L50: =L60-L40 -> 1.6006058e-06 | M50: =M60-M40 -> 9.0382471e-09 | N50: =N60-N40 -> 5.2550279e-10 | ... Q50: =Q60-Q40 -> 4.4966116e-10 | R50: =SUM(G50:Q50) -> 8.1015025e-05
A51: IMAGE_SSP2L | B51: 2040 | C51: Co refining World | D51: World | E51: Cobalt | F51: Refining | G51: =G61-G41 -> 5.713579e-05 | H51: =H61-H41 -> 1.7181713e-05 | I51: =I61-I41 -> 5.9992935e-08 | J51: =J61-J41 -> 3.0126481e-06 | K51: =K61-K41 -> 2.0135007e-06 | L51: =L61-L41 -> 1.6006058e-06 | M51: =M61-M41 -> 9.0382471e-09 | N51: =N61-N41 -> 5.2550279e-10 | ... Q51: =Q61-Q41 -> 4.4966116e-10 | R51: =SUM(G51:Q51) -> 8.1015025e-05
A52: IMAGE_SSP2L | B52: 2020 | C52: Co refining CA | D52: Canada | E52: Cobalt | F52: Mining+refining | G52: 5.4087628e-05 | H52: 1.6226935e-05 | I52: 5.7708836e-08 | J52: 2.9973425e-06 | K52: 1.95441e-06 | L52: 1.5878956e-06 | M52: 8.9646282e-09 | N52: 5.2125121e-10 | O52: 6.9927865e-10 | P52: 7.1778028e-11 | Q52: 4.5611504e-10 | R52: =SUM(G52:Q52) -> 7.6922633e-05
A53: IMAGE_SSP2L | B53: 2025 | C53: Co refining CA | D53: Canada | E53: Cobalt | F53: Mining+refining | G53: 5.4087628e-05 | H53: 1.6226935e-05 | I53: 5.7708836e-08 | J53: 2.9973425e-06 | K53: 1.95441e-06 | L53: 1.5878956e-06 | M53: 8.9646282e-09 | N53: 5.2125121e-10 | O53: 6.9927865e-10 | P53: 7.1778028e-11 | Q53: 4.5611504e-10 | R53: =SUM(G53:Q53) -> 7.6922633e-05
A54: IMAGE_SSP2L | B54: 2030 | C54: Co refining CA | D54: Canada | E54: Cobalt | F54: Mining+refining | G54: 5.4087628e-05 | H54: 1.6226935e-05 | I54: 5.7708836e-08 | J54: 2.9973425e-06 | K54: 1.95441e-06 | L54: 1.5878956e-06 | M54: 8.9646282e-09 | N54: 5.2125121e-10 | O54: 6.9927865e-10 | P54: 7.1778028e-11 | Q54: 4.5611504e-10 | R54: =SUM(G54:Q54) -> 7.6922633e-05
A55: IMAGE_SSP2L | B55: 2035 | C55: Co refining CA | D55: Canada | E55: Cobalt | F55: Mining+refining | G55: 5.4087628e-05 | H55: 1.6226935e-05 | I55: 5.7708836e-08 | J55: 2.9973425e-06 | K55: 1.95441e-06 | L55: 1.5878956e-06 | M55: 8.9646282e-09 | N55: 5.2125121e-10 | O55: 6.9927865e-10 | P55: 7.1778028e-11 | Q55: 4.5611504e-10 | R55: =SUM(G55:Q55) -> 7.6922633e-05
A56: IMAGE_SSP2L | B56: 2040 | C56: Co refining CA | D56: Canada | E56: Cobalt | F56: Mining+refining | G56: 5.4087628e-05 | H56: 1.6226935e-05 | I56: 5.7708836e-08 | J56: 2.9973425e-06 | K56: 1.95441e-06 | L56: 1.5878956e-06 | M56: 8.9646282e-09 | N56: 5.2125121e-10 | O56: 6.9927865e-10 | P56: 7.1778028e-11 | Q56: 4.5611504e-10 | R56: =SUM(G56:Q56) -> 7.6922633e-05
A57: IMAGE_SSP2L | B57: 2020 | C57: Co refining World | D57: World | E57: Cobalt | F57: Mining+refining | G57: 5.7696846e-05 | H57: 1.7351465e-05 | I57: 6.0401124e-08 | J57: 3.021058e-06 | K57: 2.0189657e-06 | L57: 1.6021854e-06 | M57: 9.0427474e-09 | N57: 5.2792498e-10 | O57: 6.9133876e-10 | P57: 7.4095962e-11 | Q57: 4.510361e-10 | R57: =SUM(G57:Q57) -> 8.1761708e-05
A58: IMAGE_SSP2L | B58: 2025 | C58: Co refining World | D58: World | E58: Cobalt | F58: Mining+refining | G58: 5.7696846e-05 | H58: 1.7351465e-05 | I58: 6.0401124e-08 | J58: 3.021058e-06 | K58: 2.0189657e-06 | L58: 1.6021854e-06 | M58: 9.0427474e-09 | N58: 5.2792498e-10 | O58: 6.9133876e-10 | P58: 7.4095962e-11 | Q58: 4.510361e-10 | R58: =SUM(G58:Q58) -> 8.1761708e-05
A59: IMAGE_SSP2L | B59: 2030 | C59: Co refining World | D59: World | E59: Cobalt | F59: Mining+refining | G59: 5.7696846e-05 | H59: 1.7351465e-05 | I59: 6.0401124e-08 | J59: 3.021058e-06 | K59: 2.0189657e-06 | L59: 1.6021854e-06 | M59: 9.0427474e-09 | N59: 5.2792498e-10 | O59: 6.9133876e-10 | P59: 7.4095962e-11 | Q59: 4.510361e-10 | R59: =SUM(G59:Q59) -> 8.1761708e-05
A60: IMAGE_SSP2L | B60: 2035 | C60: Co refining World | D60: World | E60: Cobalt | F60: Mining+refining | G60: 5.7696846e-05 | H60: 1.7351465e-05 | I60: 6.0401124e-08 | J60: 3.021058e-06 | K60: 2.0189657e-06 | L60: 1.6021854e-06 | M60: 9.0427474e-09 | N60: 5.2792498e-10 | O60: 6.9133876e-10 | P60: 7.4095962e-11 | Q60: 4.510361e-10 | R60: =SUM(G60:Q60) -> 8.1761708e-05
A61: IMAGE_SSP2L | B61: 2040 | C61: Co refining World | D61: World | E61: Cobalt | F61: Mining+refining | G61: 5.7696846e-05 | H61: 1.7351465e-05 | I61: 6.0401124e-08 | J61: 3.021058e-06 | K61: 2.0189657e-06 | L61: 1.6021854e-06 | M61: 9.0427474e-09 | N61: 5.2792498e-10 | O61: 6.9133876e-10 | P61: 7.4095962e-11 | Q61: 4.510361e-10 | R61: =SUM(G61:Q61) -> 8.1761708e-05
A62: IMAGE_SSP2L | B62: 2020 | C62: Cu mining CA | D62: Canada | E62: Copper | F62: Mining | G62: 4.8207693e-06 | H62: 1.5195782e-06 | I62: 1.5760801e-08 | J62: 5.2997624e-07 | K62: 5.040547e-07 | L62: 3.1652827e-07 | M62: 7.5182326e-10 | N62: 1.6346173e-11 | O62: 1.5230729e-10 | P62: 8.9943546e-12 | Q62: 1.4028769e-10 | R62: =SUM(G62:Q62) -> 7.7077373e-06
A63: IMAGE_SSP2L | B63: 2025 | C63: Cu mining CA | D63: Canada | E63: Copper | F63: Mining | G63: 4.8207693e-06 | H63: 1.5195782e-06 | I63: 1.5760801e-08 | J63: 5.2997624e-07 | K63: 5.040547e-07 | L63: 3.1652827e-07 | M63: 7.5182326e-10 | N63: 1.6346173e-11 | O63: 1.5230729e-10 | P63: 8.9943546e-12 | Q63: 1.4028769e-10 | R63: =SUM(G63:Q63) -> 7.7077373e-06
... A71: IMAGE_SSP2L | B71: 2040 | C71: Cu mining World | D71: World | E71: Copper | F71: Mining | G71: 4.9114179e-06 | H71: 1.5352765e-06 | I71: 1.4792301e-08 | J71: 8.3619435e-07 | K71: 4.9726584e-07 | L71: 2.924268e-07 | M71: 2.1749886e-09 | N71: 1.9673981e-11 | O71: 9.3605839e-10 | P71: 9.7965292e-12 | Q71: 1.4483715e-09 | R71: =SUM(G71:Q71) -> 8.0919625e-06
A72: IMAGE_SSP2L | B72: 2020 | C72: Cu refining CA | D72: Canada | E72: Copper | F72: Refining | G72: =G82-G62 -> 1.6507365e-05 | H72: =H82-H62 -> 5.2249658e-06 | I72: =I82-I62 -> 8.4852859e-08 | J72: =J82-J62 -> 1.4017936e-06 | K72: =K82-K62 -> 2.9490435e-06 | L72: =L82-L62 -> 1.8085879e-06 | M72: =M82-M62 -> 1.4853382e-09 | N72: =N82-N62 -> 5.1590706e-11 | ... Q72: =Q82-Q62 -> 5.9282831e-10 | R72: =SUM(G72:Q72) -> 2.7979448e-05
A73: IMAGE_SSP2L | B73: 2025 | C73: Cu refining CA | D73: Canada | E73: Copper | F73: Refining | G73: =G83-G63 -> 1.6507365e-05 | H73: =H83-H63 -> 5.2249658e-06 | I73: =I83-I63 -> 8.4852859e-08 | J73: =J83-J63 -> 1.4017936e-06 | K73: =K83-K63 -> 2.9490435e-06 | L73: =L83-L63 -> 1.8085879e-06 | M73: =M83-M63 -> 1.4853382e-09 | N73: =N83-N63 -> 5.1590706e-11 | ... Q73: =Q83-Q63 -> 5.9282831e-10 | R73: =SUM(G73:Q73) -> 2.7979448e-05
A74: IMAGE_SSP2L | B74: 2030 | C74: Cu refining CA | D74: Canada | E74: Copper | F74: Refining | G74: =G84-G64 -> 1.6507365e-05 | H74: =H84-H64 -> 5.2249658e-06 | I74: =I84-I64 -> 8.4852859e-08 | J74: =J84-J64 -> 1.4017936e-06 | K74: =K84-K64 -> 2.9490435e-06 | L74: =L84-L64 -> 1.8085879e-06 | M74: =M84-M64 -> 1.4853382e-09 | N74: =N84-N64 -> 5.1590706e-11 | ... Q74: =Q84-Q64 -> 5.9282831e-10 | R74: =SUM(G74:Q74) -> 2.7979448e-05
A75: IMAGE_SSP2L | B75: 2035 | C75: Cu refining CA | D75: Canada | E75: Copper | F75: Refining | G75: =G85-G65 -> 1.6507365e-05 | H75: =H85-H65 -> 5.2249658e-06 | I75: =I85-I65 -> 8.4852859e-08 | J75: =J85-J65 -> 1.4017936e-06 | K75: =K85-K65 -> 2.9490435e-06 | L75: =L85-L65 -> 1.8085879e-06 | M75: =M85-M65 -> 1.4853382e-09 | N75: =N85-N65 -> 5.1590706e-11 | ... Q75: =Q85-Q65 -> 5.9282831e-10 | R75: =SUM(G75:Q75) -> 2.7979448e-05
A76: IMAGE_SSP2L | B76: 2040 | C76: Cu refining CA | D76: Canada | E76: Copper | F76: Refining | G76: =G86-G66 -> 1.6507365e-05 | H76: =H86-H66 -> 5.2249658e-06 | I76: =I86-I66 -> 8.4852859e-08 | J76: =J86-J66 -> 1.4017936e-06 | K76: =K86-K66 -> 2.9490435e-06 | L76: =L86-L66 -> 1.8085879e-06 | M76: =M86-M66 -> 1.4853382e-09 | N76: =N86-N66 -> 5.1590706e-11 | ... Q76: =Q86-Q66 -> 5.9282831e-10 | R76: =SUM(G76:Q76) -> 2.7979448e-05
A77: IMAGE_SSP2L | B77: 2020 | C77: Cu refining World | D77: World | E77: Copper | F77: Refining | G77: =G87-G67 -> 2.2212004e-05 | H77: =H87-H67 -> 6.8664481e-06 | I77: =I87-I67 -> 2.3992199e-06 | J77: =J87-J67 -> 4.3445773e-06 | K77: =K87-K67 -> 8.3583964e-05 | L77: =L87-L67 -> 5.8060103e-05 | M77: =M87-M67 -> 5.7087447e-09 | N77: =N87-N67 -> 7.1870879e-11 | ... Q77: =Q87-Q67 -> 2.7138955e-09 | R77: =SUM(G77:Q77) -> 0.0001774766
A78: IMAGE_SSP2L | B78: 2025 | C78: Cu refining World | D78: World | E78: Copper | F78: Refining | G78: =G88-G68 -> 2.2212004e-05 | H78: =H88-H68 -> 6.8664481e-06 | I78: =I88-I68 -> 2.3992199e-06 | J78: =J88-J68 -> 4.3445773e-06 | K78: =K88-K68 -> 8.3583964e-05 | L78: =L88-L68 -> 5.8060103e-05 | M78: =M88-M68 -> 5.7087447e-09 | N78: =N88-N68 -> 7.1870879e-11 | ... Q78: =Q88-Q68 -> 2.7138955e-09 | R78: =SUM(G78:Q78) -> 0.0001774766
A79: IMAGE_SSP2L | B79: 2030 | C79: Cu refining World | D79: World | E79: Copper | F79: Refining | G79: =G89-G69 -> 2.2212004e-05 | H79: =H89-H69 -> 6.8664481e-06 | I79: =I89-I69 -> 2.3992199e-06 | J79: =J89-J69 -> 4.3445773e-06 | K79: =K89-K69 -> 8.3583964e-05 | L79: =L89-L69 -> 5.8060103e-05 | M79: =M89-M69 -> 5.7087447e-09 | N79: =N89-N69 -> 7.1870879e-11 | ... Q79: =Q89-Q69 -> 2.7138955e-09 | R79: =SUM(G79:Q79) -> 0.0001774766
A80: IMAGE_SSP2L | B80: 2035 | C80: Cu refining World | D80: World | E80: Copper | F80: Refining | G80: =G90-G70 -> 2.2212004e-05 | H80: =H90-H70 -> 6.8664481e-06 | I80: =I90-I70 -> 2.3992199e-06 | J80: =J90-J70 -> 4.3445773e-06 | K80: =K90-K70 -> 8.3583964e-05 | L80: =L90-L70 -> 5.8060103e-05 | M80: =M90-M70 -> 5.7087447e-09 | N80: =N90-N70 -> 7.1870879e-11 | ... Q80: =Q90-Q70 -> 2.7138955e-09 | R80: =SUM(G80:Q80) -> 0.0001774766
A81: IMAGE_SSP2L | B81: 2040 | C81: Cu refining World | D81: World | E81: Copper | F81: Refining | G81: =G91-G71 -> 2.2212004e-05 | H81: =H91-H71 -> 6.8664481e-06 | I81: =I91-I71 -> 2.3992199e-06 | J81: =J91-J71 -> 4.3445773e-06 | K81: =K91-K71 -> 8.3583964e-05 | L81: =L91-L71 -> 5.8060103e-05 | M81: =M91-M71 -> 5.7087447e-09 | N81: =N91-N71 -> 7.1870879e-11 | ... Q81: =Q91-Q71 -> 2.7138955e-09 | R81: =SUM(G81:Q81) -> 0.0001774766
A82: IMAGE_SSP2L | B82: 2020 | C82: Cu refining CA | D82: Canada | E82: Copper | F82: Mining+refining | G82: 2.1328135e-05 | H82: 6.744544e-06 | I82: 1.0061366e-07 | J82: 1.9317698e-06 | K82: 3.4530982e-06 | L82: 2.1251161e-06 | M82: 2.2371614e-09 | N82: 6.7936879e-11 | O82: 8.3134771e-10 | P82: 3.9321493e-11 | Q82: 7.33116e-10 | R82: =SUM(G82:Q82) -> 3.5687186e-05
A83: IMAGE_SSP2L | B83: 2025 | C83: Cu refining CA | D83: Canada | E83: Copper | F83: Mining+refining | G83: 2.1328135e-05 | H83: 6.744544e-06 | I83: 1.0061366e-07 | J83: 1.9317698e-06 | K83: 3.4530982e-06 | L83: 2.1251161e-06 | M83: 2.2371614e-09 | N83: 6.7936879e-11 | O83: 8.3134771e-10 | P83: 3.9321493e-11 | Q83: 7.33116e-10 | R83: =SUM(G83:Q83) -> 3.5687186e-05
A84: IMAGE_SSP2L | B84: 2030 | C84: Cu refining CA | D84: Canada | E84: Copper | F84: Mining+refining | G84: 2.1328135e-05 | H84: 6.744544e-06 | I84: 1.0061366e-07 | J84: 1.9317698e-06 | K84: 3.4530982e-06 | L84: 2.1251161e-06 | M84: 2.2371614e-09 | N84: 6.7936879e-11 | O84: 8.3134771e-10 | P84: 3.9321493e-11 | Q84: 7.33116e-10 | R84: =SUM(G84:Q84) -> 3.5687186e-05
A85: IMAGE_SSP2L | B85: 2035 | C85: Cu refining CA | D85: Canada | E85: Copper | F85: Mining+refining | G85: 2.1328135e-05 | H85: 6.744544e-06 | I85: 1.0061366e-07 | J85: 1.9317698e-06 | K85: 3.4530982e-06 | L85: 2.1251161e-06 | M85: 2.2371614e-09 | N85: 6.7936879e-11 | O85: 8.3134771e-10 | P85: 3.9321493e-11 | Q85: 7.33116e-10 | R85: =SUM(G85:Q85) -> 3.5687186e-05
A86: IMAGE_SSP2L | B86: 2040 | C86: Cu refining CA | D86: Canada | E86: Copper | F86: Mining+refining | G86: 2.1328135e-05 | H86: 6.744544e-06 | I86: 1.0061366e-07 | J86: 1.9317698e-06 | K86: 3.4530982e-06 | L86: 2.1251161e-06 | M86: 2.2371614e-09 | N86: 6.7936879e-11 | O86: 8.3134771e-10 | P86: 3.9321493e-11 | Q86: 7.33116e-10 | R86: =SUM(G86:Q86) -> 3.5687186e-05
A87: IMAGE_SSP2L | B87: 2020 | C87: Cu refining World | D87: World | E87: Copper | F87: Mining+refining | G87: 2.7123421e-05 | H87: 8.4017246e-06 | I87: 2.4140122e-06 | J87: 5.1807716e-06 | K87: 8.4081229e-05 | L87: 5.835253e-05 | M87: 7.8837333e-09 | N87: 9.154486e-11 | O87: 2.6955438e-09 | P87: 4.0710419e-11 | Q87: 4.1622671e-09 | R87: =SUM(G87:Q87) -> 0.00018556856
A88: IMAGE_SSP2L | B88: 2025 | C88: Cu refining World | D88: World | E88: Copper | F88: Mining+refining | G88: 2.7123421e-05 | H88: 8.4017246e-06 | I88: 2.4140122e-06 | J88: 5.1807716e-06 | K88: 8.4081229e-05 | L88: 5.835253e-05 | M88: 7.8837333e-09 | N88: 9.154486e-11 | O88: 2.6955438e-09 | P88: 4.0710419e-11 | Q88: 4.1622671e-09 | R88: =SUM(G88:Q88) -> 0.00018556856
A89: IMAGE_SSP2L | B89: 2030 | C89: Cu refining World | D89: World | E89: Copper | F89: Mining+refining | G89: 2.7123421e-05 | H89: 8.4017246e-06 | I89: 2.4140122e-06 | J89: 5.1807716e-06 | K89: 8.4081229e-05 | L89: 5.835253e-05 | M89: 7.8837333e-09 | N89: 9.154486e-11 | O89: 2.6955438e-09 | P89: 4.0710419e-11 | Q89: 4.1622671e-09 | R89: =SUM(G89:Q89) -> 0.00018556856
A90: IMAGE_SSP2L | B90: 2035 | C90: Cu refining World | D90: World | E90: Copper | F90: Mining+refining | G90: 2.7123421e-05 | H90: 8.4017246e-06 | I90: 2.4140122e-06 | J90: 5.1807716e-06 | K90: 8.4081229e-05 | L90: 5.835253e-05 | M90: 7.8837333e-09 | N90: 9.154486e-11 | O90: 2.6955438e-09 | P90: 4.0710419e-11 | Q90: 4.1622671e-09 | R90: =SUM(G90:Q90) -> 0.00018556856
A91: IMAGE_SSP2L | B91: 2040 | C91: Cu refining World | D91: World | E91: Copper | F91: Mining+refining | G91: 2.7123421e-05 | H91: 8.4017246e-06 | I91: 2.4140122e-06 | J91: 5.1807716e-06 | K91: 8.4081229e-05 | L91: 5.835253e-05 | M91: 7.8837333e-09 | N91: 9.154486e-11 | O91: 2.6955438e-09 | P91: 4.0710419e-11 | Q91: 4.1622671e-09 | R91: =SUM(G91:Q91) -> 0.00018556856
A92: IMAGE_SSP2L | B92: 2020 | C92: Li refining CA | D92: Canada | E92: Lithium | F92: Mining+refining | G92: 2.6552966e-05 | H92: 8.0209488e-06 | I92: 7.6188751e-08 | J92: 8.651405e-07 | K92: 2.7905401e-06 | L92: 1.5538122e-06 | M92: 3.0286582e-09 | N92: 2.7611072e-10 | O92: 3.0355092e-09 | P92: 4.6269009e-11 | Q92: 1.7972722e-09 | R92: =SUM(G92:Q92) -> 3.986778e-05
A93: IMAGE_SSP2L | B93: 2025 | C93: Li refining CA | D93: Canada | E93: Lithium | F93: Mining+refining | G93: 2.6552966e-05 | H93: 8.0209488e-06 | I93: 7.6188751e-08 | J93: 8.651405e-07 | K93: 2.7905401e-06 | L93: 1.5538122e-06 | M93: 3.0286582e-09 | N93: 2.7611072e-10 | O93: 3.0355092e-09 | P93: 4.6269009e-11 | Q93: 1.7972722e-09 | R93: =SUM(G93:Q93) -> 3.986778e-05
... A116: IMAGE_SSP2L | B116: 2040 | C116: Ni mining World | D116: World | E116: Nickel | F116: Mining | G116: 3.2445014e-06 | H116: 9.9722972e-07 | I116: 4.047486e-09 | J116: 5.200245e-08 | K116: 1.1089433e-07 | L116: 4.170858e-08 | M116: 6.4302309e-10 | N116: 1.1386344e-11 | O116: 3.4401329e-10 | P116: 5.866978e-12 | Q116: 4.7150322e-10 | R116: =SUM(G116:Q116) -> 4.4518597e-06
A117: IMAGE_SSP2L | B117: 2020 | C117: Ni refining CA | D117: Canada | E117: Nickel | F117: Refining | G117: =G127-G107 -> 2.1018207e-05 | H117: =H127-H107 -> 6.4434734e-06 | I117: =I127-I107 -> 2.9342176e-08 | J117: =J127-J107 -> 3.7495476e-07 | K117: =K127-K107 -> 8.14999e-07 | L117: =L127-L107 -> 2.9972945e-07 | M117: =M127-M107 -> 5.5148996e-09 | N117: =N127-N107 -> 7.6711262e-11 | ... Q117: =Q127-Q107 -> 3.8098673e-09 | R117: =SUM(G117:Q117) -> 2.8992723e-05
A118: IMAGE_SSP2L | B118: 2025 | C118: Ni refining CA | D118: Canada | E118: Nickel | F118: Refining | G118: =G128-G108 -> 2.1018207e-05 | H118: =H128-H108 -> 6.4434734e-06 | I118: =I128-I108 -> 2.9342176e-08 | J118: =J128-J108 -> 3.7495476e-07 | K118: =K128-K108 -> 8.14999e-07 | L118: =L128-L108 -> 2.9972945e-07 | M118: =M128-M108 -> 5.5148996e-09 | N118: =N128-N108 -> 7.6711262e-11 | ... Q118: =Q128-Q108 -> 3.8098673e-09 | R118: =SUM(G118:Q118) -> 2.8992723e-05
A119: IMAGE_SSP2L | B119: 2030 | C119: Ni refining CA | D119: Canada | E119: Nickel | F119: Refining | G119: =G129-G109 -> 2.1018207e-05 | H119: =H129-H109 -> 6.4434734e-06 | I119: =I129-I109 -> 2.9342176e-08 | J119: =J129-J109 -> 3.7495476e-07 | K119: =K129-K109 -> 8.14999e-07 | L119: =L129-L109 -> 2.9972945e-07 | M119: =M129-M109 -> 5.5148996e-09 | N119: =N129-N109 -> 7.6711262e-11 | ... Q119: =Q129-Q109 -> 3.8098673e-09 | R119: =SUM(G119:Q119) -> 2.8992723e-05
A120: IMAGE_SSP2L | B120: 2035 | C120: Ni refining CA | D120: Canada | E120: Nickel | F120: Refining | G120: =G130-G110 -> 2.1018207e-05 | H120: =H130-H110 -> 6.4434734e-06 | I120: =I130-I110 -> 2.9342176e-08 | J120: =J130-J110 -> 3.7495476e-07 | K120: =K130-K110 -> 8.14999e-07 | L120: =L130-L110 -> 2.9972945e-07 | M120: =M130-M110 -> 5.5148996e-09 | N120: =N130-N110 -> 7.6711262e-11 | ... Q120: =Q130-Q110 -> 3.8098673e-09 | R120: =SUM(G120:Q120) -> 2.8992723e-05
A121: IMAGE_SSP2L | B121: 2040 | C121: Ni refining CA | D121: Canada | E121: Nickel | F121: Refining | G121: =G131-G111 -> 2.1018207e-05 | H121: =H131-H111 -> 6.4434734e-06 | I121: =I131-I111 -> 2.9342176e-08 | J121: =J131-J111 -> 3.7495476e-07 | K121: =K131-K111 -> 8.14999e-07 | L121: =L131-L111 -> 2.9972945e-07 | M121: =M131-M111 -> 5.5148996e-09 | N121: =N131-N111 -> 7.6711262e-11 | ... Q121: =Q131-Q111 -> 3.8098673e-09 | R121: =SUM(G121:Q121) -> 2.8992723e-05
A122: IMAGE_SSP2L | B122: 2020 | C122: Ni refining World | D122: World | E122: Nickel | F122: Refining | G122: =G132-G112 -> 6.7803292e-05 | H122: =H132-H112 -> 2.1176194e-05 | I122: =I132-I112 -> 1.1731839e-06 | J122: =J132-J112 -> 2.5119221e-06 | K122: =K132-K112 -> 1.3658833e-06 | L122: =L132-L112 -> 7.0401266e-07 | M122: =M132-M112 -> 3.8141949e-09 | N122: =N132-N112 -> 1.4496251e-10 | ... Q122: =Q132-Q112 -> 2.2697549e-09 | R122: =SUM(G122:Q122) -> 9.4742414e-05
A123: IMAGE_SSP2L | B123: 2025 | C123: Ni refining World | D123: World | E123: Nickel | F123: Refining | G123: =G133-G113 -> 6.7803292e-05 | H123: =H133-H113 -> 2.1176194e-05 | I123: =I133-I113 -> 1.1731839e-06 | J123: =J133-J113 -> 2.5119221e-06 | K123: =K133-K113 -> 1.3658833e-06 | L123: =L133-L113 -> 7.0401266e-07 | M123: =M133-M113 -> 3.8141949e-09 | N123: =N133-N113 -> 1.4496251e-10 | ... Q123: =Q133-Q113 -> 2.2697549e-09 | R123: =SUM(G123:Q123) -> 9.4742414e-05
A124: IMAGE_SSP2L | B124: 2030 | C124: Ni refining World | D124: World | E124: Nickel | F124: Refining | G124: =G134-G114 -> 6.7803292e-05 | H124: =H134-H114 -> 2.1176194e-05 | I124: =I134-I114 -> 1.1731839e-06 | J124: =J134-J114 -> 2.5119221e-06 | K124: =K134-K114 -> 1.3658833e-06 | L124: =L134-L114 -> 7.0401266e-07 | M124: =M134-M114 -> 3.8141949e-09 | N124: =N134-N114 -> 1.4496251e-10 | ... Q124: =Q134-Q114 -> 2.2697549e-09 | R124: =SUM(G124:Q124) -> 9.4742414e-05
A125: IMAGE_SSP2L | B125: 2035 | C125: Ni refining World | D125: World | E125: Nickel | F125: Refining | G125: =G135-G115 -> 6.7803292e-05 | H125: =H135-H115 -> 2.1176194e-05 | I125: =I135-I115 -> 1.1731839e-06 | J125: =J135-J115 -> 2.5119221e-06 | K125: =K135-K115 -> 1.3658833e-06 | L125: =L135-L115 -> 7.0401266e-07 | M125: =M135-M115 -> 3.8141949e-09 | N125: =N135-N115 -> 1.4496251e-10 | ... Q125: =Q135-Q115 -> 2.2697549e-09 | R125: =SUM(G125:Q125) -> 9.4742414e-05
A126: IMAGE_SSP2L | B126: 2040 | C126: Ni refining World | D126: World | E126: Nickel | F126: Refining | G126: =G136-G116 -> 6.7803292e-05 | H126: =H136-H116 -> 2.1176194e-05 | I126: =I136-I116 -> 1.1731839e-06 | J126: =J136-J116 -> 2.5119221e-06 | K126: =K136-K116 -> 1.3658833e-06 | L126: =L136-L116 -> 7.0401266e-07 | M126: =M136-M116 -> 3.8141949e-09 | N126: =N136-N116 -> 1.4496251e-10 | ... Q126: =Q136-Q116 -> 2.2697549e-09 | R126: =SUM(G126:Q126) -> 9.4742414e-05
A127: IMAGE_SSP2L | B127: 2020 | C127: Ni refining CA | D127: Canada | E127: Nickel | F127: Mining+refining | G127: 2.3544748e-05 | H127: 7.2231525e-06 | I127: 3.1447392e-08 | J127: 4.1253257e-07 | K127: 8.7875063e-07 | L127: 3.304809e-07 | M127: 5.5810388e-09 | N127: 8.4178646e-11 | O127: 2.6444967e-09 | P127: 4.2559714e-11 | Q127: 3.8334046e-09 | R127: =SUM(G127:Q127) -> 3.2433298e-05
A128: IMAGE_SSP2L | B128: 2025 | C128: Ni refining CA | D128: Canada | E128: Nickel | F128: Mining+refining | G128: 2.3544748e-05 | H128: 7.2231525e-06 | I128: 3.1447392e-08 | J128: 4.1253257e-07 | K128: 8.7875063e-07 | L128: 3.304809e-07 | M128: 5.5810388e-09 | N128: 8.4178646e-11 | O128: 2.6444967e-09 | P128: 4.2559714e-11 | Q128: 3.8334046e-09 | R128: =SUM(G128:Q128) -> 3.2433298e-05
A129: IMAGE_SSP2L | B129: 2030 | C129: Ni refining CA | D129: Canada | E129: Nickel | F129: Mining+refining | G129: 2.3544748e-05 | H129: 7.2231525e-06 | I129: 3.1447392e-08 | J129: 4.1253257e-07 | K129: 8.7875063e-07 | L129: 3.304809e-07 | M129: 5.5810388e-09 | N129: 8.4178646e-11 | O129: 2.6444967e-09 | P129: 4.2559714e-11 | Q129: 3.8334046e-09 | R129: =SUM(G129:Q129) -> 3.2433298e-05
A130: IMAGE_SSP2L | B130: 2035 | C130: Ni refining CA | D130: Canada | E130: Nickel | F130: Mining+refining | G130: 2.3544748e-05 | H130: 7.2231525e-06 | I130: 3.1447392e-08 | J130: 4.1253257e-07 | K130: 8.7875063e-07 | L130: 3.304809e-07 | M130: 5.5810388e-09 | N130: 8.4178646e-11 | O130: 2.6444967e-09 | P130: 4.2559714e-11 | Q130: 3.8334046e-09 | R130: =SUM(G130:Q130) -> 3.2433298e-05
A131: IMAGE_SSP2L | B131: 2040 | C131: Ni refining CA | D131: Canada | E131: Nickel | F131: Mining+refining | G131: 2.3544748e-05 | H131: 7.2231525e-06 | I131: 3.1447392e-08 | J131: 4.1253257e-07 | K131: 8.7875063e-07 | L131: 3.304809e-07 | M131: 5.5810388e-09 | N131: 8.4178646e-11 | O131: 2.6444967e-09 | P131: 4.2559714e-11 | Q131: 3.8334046e-09 | R131: =SUM(G131:Q131) -> 3.2433298e-05
A132: IMAGE_SSP2L | B132: 2020 | C132: Ni refining World | D132: World | E132: Nickel | F132: Mining+refining | G132: 7.1047793e-05 | H132: 2.2173424e-05 | I132: 1.1772314e-06 | J132: 2.5639246e-06 | K132: 1.4767776e-06 | L132: 7.4572124e-07 | M132: 4.457218e-09 | N132: 1.5634886e-10 | O132: 1.9827603e-09 | P132: 6.4580154e-11 | Q132: 2.7412581e-09 | R132: =SUM(G132:Q132) -> 9.9194274e-05
A133: IMAGE_SSP2L | B133: 2025 | C133: Ni refining World | D133: World | E133: Nickel | F133: Mining+refining | G133: 7.1047793e-05 | H133: 2.2173424e-05 | I133: 1.1772314e-06 | J133: 2.5639246e-06 | K133: 1.4767776e-06 | L133: 7.4572124e-07 | M133: 4.457218e-09 | N133: 1.5634886e-10 | O133: 1.9827603e-09 | P133: 6.4580154e-11 | Q133: 2.7412581e-09 | R133: =SUM(G133:Q133) -> 9.9194274e-05
A134: IMAGE_SSP2L | B134: 2030 | C134: Ni refining World | D134: World | E134: Nickel | F134: Mining+refining | G134: 7.1047793e-05 | H134: 2.2173424e-05 | I134: 1.1772314e-06 | J134: 2.5639246e-06 | K134: 1.4767776e-06 | L134: 7.4572124e-07 | M134: 4.457218e-09 | N134: 1.5634886e-10 | O134: 1.9827603e-09 | P134: 6.4580154e-11 | Q134: 2.7412581e-09 | R134: =SUM(G134:Q134) -> 9.9194274e-05
A135: IMAGE_SSP2L | B135: 2035 | C135: Ni refining World | D135: World | E135: Nickel | F135: Mining+refining | G135: 7.1047793e-05 | H135: 2.2173424e-05 | I135: 1.1772314e-06 | J135: 2.5639246e-06 | K135: 1.4767776e-06 | L135: 7.4572124e-07 | M135: 4.457218e-09 | N135: 1.5634886e-10 | O135: 1.9827603e-09 | P135: 6.4580154e-11 | Q135: 2.7412581e-09 | R135: =SUM(G135:Q135) -> 9.9194274e-05
A136: IMAGE_SSP2L | B136: 2040 | C136: Ni refining World | D136: World | E136: Nickel | F136: Mining+refining | G136: 7.1047793e-05 | H136: 2.2173424e-05 | I136: 1.1772314e-06 | J136: 2.5639246e-06 | K136: 1.4767776e-06 | L136: 7.4572124e-07 | M136: 4.457218e-09 | N136: 1.5634886e-10 | O136: 1.9827603e-09 | P136: 6.4580154e-11 | Q136: 2.7412581e-09 | R136: =SUM(G136:Q136) -> 9.9194274e-05

Sheet GWP_LCA_results
A1: Scenario | B1: Year | C1: Commodity | D1: Geography | E1: Metal | F1: Reference point | G1: Climate change ST (kg CO2 eq (short))
A2: IMAGE_SSP2L | B2: 2020 | C2: C mining CA | D2: Canada | E2: Graphite | F2: Mining | G2: 0.011672522
A3: IMAGE_SSP2L | B3: 2025 | C3: C mining CA | D3: Canada | E3: Graphite | F3: Mining | G3: 0.01172065
A4: IMAGE_SSP2L | B4: 2030 | C4: C mining CA | D4: Canada | E4: Graphite | F4: Mining | G4: 0.011304986
A5: IMAGE_SSP2L | B5: 2035 | C5: C mining CA | D5: Canada | E5: Graphite | F5: Mining | G5: 0.01079376
A6: IMAGE_SSP2L | B6: 2040 | C6: C mining CA | D6: Canada | E6: Graphite | F6: Mining | G6: 0.010266638
A7: IMAGE_SSP2L | B7: 2020 | C7: C mining World | D7: World | E7: Graphite | F7: Mining | G7: 0.14848143
A8: IMAGE_SSP2L | B8: 2025 | C8: C mining World | D8: World | E8: Graphite | F8: Mining | G8: 0.14771958
A9: IMAGE_SSP2L | B9: 2030 | C9: C mining World | D9: World | E9: Graphite | F9: Mining | G9: 0.14380677
A10: IMAGE_SSP2L | B10: 2035 | C10: C mining World | D10: World | E10: Graphite | F10: Mining | G10: 0.1340491
A11: IMAGE_SSP2L | B11: 2040 | C11: C mining World | D11: World | E11: Graphite | F11: Mining | G11: 0.11767796
A12: IMAGE_SSP2L | B12: 2020 | C12: C refining CA | D12: Canada | E12: Graphite | F12: Refining
A13: IMAGE_SSP2L | B13: 2025 | C13: C refining CA | D13: Canada | E13: Graphite | F13: Refining
A14: IMAGE_SSP2L | B14: 2030 | C14: C refining CA | D14: Canada | E14: Graphite | F14: Refining
A15: IMAGE_SSP2L | B15: 2035 | C15: C refining CA | D15: Canada | E15: Graphite | F15: Refining
A16: IMAGE_SSP2L | B16: 2040 | C16: C refining CA | D16: Canada | E16: Graphite | F16: Refining
A17: IMAGE_SSP2L | B17: 2020 | C17: C refining World | D17: World | E17: Graphite | F17: Refining
A18: IMAGE_SSP2L | B18: 2025 | C18: C refining World | D18: World | E18: Graphite | F18: Refining
A19: IMAGE_SSP2L | B19: 2030 | C19: C refining World | D19: World | E19: Graphite | F19: Refining
A20: IMAGE_SSP2L | B20: 2035 | C20: C refining World | D20: World | E20: Graphite | F20: Refining
A21: IMAGE_SSP2L | B21: 2040 | C21: C refining World | D21: World | E21: Graphite | F21: Refining
A22: IMAGE_SSP2L | B22: 2020 | C22: C refining CA | D22: Canada | E22: Graphite | F22: Mining+refining | G22: 3.7250374
A23: IMAGE_SSP2L | B23: 2025 | C23: C refining CA | D23: Canada | E23: Graphite | F23: Mining+refining
A24: IMAGE_SSP2L | B24: 2030 | C24: C refining CA | D24: Canada | E24: Graphite | F24: Mining+refining
A25: IMAGE_SSP2L | B25: 2035 | C25: C refining CA | D25: Canada | E25: Graphite | F25: Mining+refining
A26: IMAGE_SSP2L | B26: 2040 | C26: C refining CA | D26: Canada | E26: Graphite | F26: Mining+refining
A27: IMAGE_SSP2L | B27: 2020 | C27: C refining World | D27: World | E27: Graphite | F27: Mining+refining | G27: 6.124729
A28: IMAGE_SSP2L | B28: 2025 | C28: C refining World | D28: World | E28: Graphite | F28: Mining+refining | G28: 5.7444009
A29: IMAGE_SSP2L | B29: 2030 | C29: C refining World | D29: World | E29: Graphite | F29: Mining+refining | G29: 5.3665489
A30: IMAGE_SSP2L | B30: 2035 | C30: C refining World | D30: World | E30: Graphite | F30: Mining+refining | G30: 4.9027168
A31: IMAGE_SSP2L | B31: 2040 | C31: C refining World | D31: World | E31: Graphite | F31: Mining+refining | G31: 3.6796432
A32: IMAGE_SSP2L | B32: 2020 | C32: Co mining CA | D32: Canada | E32: Cobalt | F32: Mining | G32: 0.034599806
A33: IMAGE_SSP2L | B33: 2025 | C33: Co mining CA | D33: Canada | E33: Cobalt | F33: Mining | G33: 0.03479059
A34: IMAGE_SSP2L | B34: 2030 | C34: Co mining CA | D34: Canada | E34: Cobalt | F34: Mining | G34: 0.03439296
A35: IMAGE_SSP2L | B35: 2035 | C35: Co mining CA | D35: Canada | E35: Cobalt | F35: Mining | G35: 0.033966842
A36: IMAGE_SSP2L | B36: 2040 | C36: Co mining CA | D36: Canada | E36: Cobalt | F36: Mining | G36: 0.032950707
A37: IMAGE_SSP2L | B37: 2020 | C37: Co mining World | D37: World | E37: Cobalt | F37: Mining | G37: 0.10880177
A38: IMAGE_SSP2L | B38: 2025 | C38: Co mining World | D38: World | E38: Cobalt | F38: Mining | G38: 0.12755568
... A41: IMAGE_SSP2L | B41: 2040 | C41: Co mining World | D41: World | E41: Cobalt | F41: Mining | G41: 0.11189694
A42: IMAGE_SSP2L | B42: 2020 | C42: Co refining CA | D42: Canada | E42: Cobalt | F42: Refining | G42: =G52-G32 -> 10.360392
A43: IMAGE_SSP2L | B43: 2025 | C43: Co refining CA | D43: Canada | E43: Cobalt | F43: Refining | G43: =G53-G33 -> 10.263996
A44: IMAGE_SSP2L | B44: 2030 | C44: Co refining CA | D44: Canada | E44: Cobalt | F44: Refining | G44: =G54-G34 -> 9.9522652
A45: IMAGE_SSP2L | B45: 2035 | C45: Co refining CA | D45: Canada | E45: Cobalt | F45: Refining | G45: =G55-G35 -> 9.6086943
A46: IMAGE_SSP2L | B46: 2040 | C46: Co refining CA | D46: Canada | E46: Cobalt | F46: Refining | G46: =G56-G36 -> 8.9591169
A47: IMAGE_SSP2L | B47: 2020 | C47: Co refining World | D47: World | E47: Cobalt | F47: Refining | G47: =G57-G37 -> 11.014118
A48: IMAGE_SSP2L | B48: 2025 | C48: Co refining World | D48: World | E48: Cobalt | F48: Refining | G48: =G58-G38 -> 10.841425
A49: IMAGE_SSP2L | B49: 2030 | C49: Co refining World | D49: World | E49: Cobalt | F49: Refining | G49: =G59-G39 -> 10.492811
A50: IMAGE_SSP2L | B50: 2035 | C50: Co refining World | D50: World | E50: Cobalt | F50: Refining | G50: =G60-G40 -> 10.128228
A51: IMAGE_SSP2L | B51: 2040 | C51: Co refining World | D51: World | E51: Cobalt | F51: Refining | G51: =G61-G41 -> 9.2998793
A52: IMAGE_SSP2L | B52: 2020 | C52: Co refining CA | D52: Canada | E52: Cobalt | F52: Mining+refining | G52: 10.394992
A53: IMAGE_SSP2L | B53: 2025 | C53: Co refining CA | D53: Canada | E53: Cobalt | F53: Mining+refining | G53: 10.298786
A54: IMAGE_SSP2L | B54: 2030 | C54: Co refining CA | D54: Canada | E54: Cobalt | F54: Mining+refining | G54: 9.9866582
A55: IMAGE_SSP2L | B55: 2035 | C55: Co refining CA | D55: Canada | E55: Cobalt | F55: Mining+refining | G55: 9.6426611
A56: IMAGE_SSP2L | B56: 2040 | C56: Co refining CA | D56: Canada | E56: Cobalt | F56: Mining+refining | G56: 8.9920676
A57: IMAGE_SSP2L | B57: 2020 | C57: Co refining World | D57: World | E57: Cobalt | F57: Mining+refining | G57: 11.122919
A58: IMAGE_SSP2L | B58: 2025 | C58: Co refining World | D58: World | E58: Cobalt | F58: Mining+refining | G58: 10.96898
A59: IMAGE_SSP2L | B59: 2030 | C59: Co refining World | D59: World | E59: Cobalt | F59: Mining+refining | G59: 10.624018
A60: IMAGE_SSP2L | B60: 2035 | C60: Co refining World | D60: World | E60: Cobalt | F60: Mining+refining | G60: 10.252146
A61: IMAGE_SSP2L | B61: 2040 | C61: Co refining World | D61: World | E61: Cobalt | F61: Mining+refining | G61: 9.4117763
A62: IMAGE_SSP2L | B62: 2020 | C62: Cu mining CA | D62: Canada | E62: Copper | F62: Mining | G62: 0.97167032
A63: IMAGE_SSP2L | B63: 2025 | C63: Cu mining CA | D63: Canada | E63: Copper | F63: Mining | G63: 0.95853164
... A71: IMAGE_SSP2L | B71: 2040 | C71: Cu mining World | D71: World | E71: Copper | F71: Mining | G71: 0.71240786
A72: IMAGE_SSP2L | B72: 2020 | C72: Cu refining CA | D72: Canada | E72: Copper | F72: Refining | G72: =G82-G62 -> 3.3488278
A73: IMAGE_SSP2L | B73: 2025 | C73: Cu refining CA | D73: Canada | E73: Copper | F73: Refining | G73: =G83-G63 -> 3.3081251
A74: IMAGE_SSP2L | B74: 2030 | C74: Cu refining CA | D74: Canada | E74: Copper | F74: Refining | G74: =G84-G64 -> 3.1387212
A75: IMAGE_SSP2L | B75: 2035 | C75: Cu refining CA | D75: Canada | E75: Copper | F75: Refining | G75: =G85-G65 -> 2.9349673
A76: IMAGE_SSP2L | B76: 2040 | C76: Cu refining CA | D76: Canada | E76: Copper | F76: Refining | G76: =G86-G66 -> 2.6367403
A77: IMAGE_SSP2L | B77: 2020 | C77: Cu refining World | D77: World | E77: Copper | F77: Refining | G77: =G87-G67 -> 4.4114966
A78: IMAGE_SSP2L | B78: 2025 | C78: Cu refining World | D78: World | E78: Copper | F78: Refining | G78: =G88-G68 -> 4.2778748
A79: IMAGE_SSP2L | B79: 2030 | C79: Cu refining World | D79: World | E79: Copper | F79: Refining | G79: =G89-G69 -> 3.8993023
A80: IMAGE_SSP2L | B80: 2035 | C80: Cu refining World | D80: World | E80: Copper | F80: Refining | G80: =G90-G70 -> 3.5227503
A81: IMAGE_SSP2L | B81: 2040 | C81: Cu refining World | D81: World | E81: Copper | F81: Refining | G81: =G91-G71 -> 2.8291108
A82: IMAGE_SSP2L | B82: 2020 | C82: Cu refining CA | D82: Canada | E82: Copper | F82: Mining+refining | G82: 4.3204981
A83: IMAGE_SSP2L | B83: 2025 | C83: Cu refining CA | D83: Canada | E83: Copper | F83: Mining+refining | G83: 4.2666568
A84: IMAGE_SSP2L | B84: 2030 | C84: Cu refining CA | D84: Canada | E84: Copper | F84: Mining+refining | G84: 4.0089529
A85: IMAGE_SSP2L | B85: 2035 | C85: Cu refining CA | D85: Canada | E85: Copper | F85: Mining+refining | G85: 3.6977278
A86: IMAGE_SSP2L | B86: 2040 | C86: Cu refining CA | D86: Canada | E86: Copper | F86: Mining+refining | G86: 3.2911374
A87: IMAGE_SSP2L | B87: 2020 | C87: Cu refining World | D87: World | E87: Copper | F87: Mining+refining | G87: 5.3947712
A88: IMAGE_SSP2L | B88: 2025 | C88: Cu refining World | D88: World | E88: Copper | F88: Mining+refining | G88: 5.244337
A89: IMAGE_SSP2L | B89: 2030 | C89: Cu refining World | D89: World | E89: Copper | F89: Mining+refining | G89: 4.8003065
A90: IMAGE_SSP2L | B90: 2035 | C90: Cu refining World | D90: World | E90: Copper | F90: Mining+refining | G90: 4.3504572
A91: IMAGE_SSP2L | B91: 2040 | C91: Cu refining World | D91: World | E91: Copper | F91: Mining+refining | G91: 3.5415187
A92: IMAGE_SSP2L | B92: 2020 | C92: Li refining CA | D92: Canada | E92: Lithium | F92: Mining+refining | G92: 5.1521374
A93: IMAGE_SSP2L | B93: 2025 | C93: Li refining CA | D93: Canada | E93: Lithium | F93: Mining+refining | G93: 5.0197176
... A116: IMAGE_SSP2L | B116: 2040 | C116: Ni mining World | D116: World | E116: Nickel | F116: Mining | G116: 0.55989132
A117: IMAGE_SSP2L | B117: 2020 | C117: Ni refining CA | D117: Canada | E117: Nickel | F117: Refining | G117: =G127-G107 -> 4.1135143
A118: IMAGE_SSP2L | B118: 2025 | C118: Ni refining CA | D118: Canada | E118: Nickel | F118: Refining | G118: =G128-G108 -> 4.1153045
A119: IMAGE_SSP2L | B119: 2030 | C119: Ni refining CA | D119: Canada | E119: Nickel | F119: Refining | G119: =G129-G109 -> 3.9960709
A120: IMAGE_SSP2L | B120: 2035 | C120: Ni refining CA | D120: Canada | E120: Nickel | F120: Refining | G120: =G130-G110 -> 3.7936027
A121: IMAGE_SSP2L | B121: 2040 | C121: Ni refining CA | D121: Canada | E121: Nickel | F121: Refining | G121: =G131-G111 -> 3.452342
A122: IMAGE_SSP2L | B122: 2020 | C122: Ni refining World | D122: World | E122: Nickel | F122: Refining | G122: =G132-G112 -> 14.966778
A123: IMAGE_SSP2L | B123: 2025 | C123: Ni refining World | D123: World | E123: Nickel | F123: Refining | G123: =G133-G113 -> 14.931706
A124: IMAGE_SSP2L | B124: 2030 | C124: Ni refining World | D124: World | E124: Nickel | F124: Refining | G124: =G134-G114 -> 14.767167
A125: IMAGE_SSP2L | B125: 2035 | C125: Ni refining World | D125: World | E125: Nickel | F125: Refining | G125: =G135-G115 -> 14.580142
A126: IMAGE_SSP2L | B126: 2040 | C126: Ni refining World | D126: World | E126: Nickel | F126: Refining | G126: =G136-G116 -> 14.111372
A127: IMAGE_SSP2L | B127: 2020 | C127: Ni refining CA | D127: Canada | E127: Nickel | F127: Mining+refining | G127: 4.6099572
A128: IMAGE_SSP2L | B128: 2025 | C128: Ni refining CA | D128: Canada | E128: Nickel | F128: Mining+refining | G128: 4.615753
A129: IMAGE_SSP2L | B129: 2030 | C129: Ni refining CA | D129: Canada | E129: Nickel | F129: Mining+refining | G129: 4.4922818
A130: IMAGE_SSP2L | B130: 2035 | C130: Ni refining CA | D130: Canada | E130: Nickel | F130: Mining+refining | G130: 4.2791272
A131: IMAGE_SSP2L | B131: 2040 | C131: Ni refining CA | D131: Canada | E131: Nickel | F131: Mining+refining | G131: 3.909063
...

Sheet National_production
A1: Commodity | B1: Reference point | C1: Country | D1: Year | E1: Value | F1: Unit | G1: Source | H1: Comment | L1: Commodity | M1: Ratio refining / mining | N1: Source
A2: Cobalt | B2: Mine | C2: Canada | D2: 2024 | E2: 3.35 | F2: t | G2: USGS MCS2026 | L2: Copper | M2: =E9/E7 -> 0.6296632 | N2: BGS
A3: Cobalt | B3: Mine | C3: Canada | D3: 2023 | E3: 5099 | F3: t | G3: BGS | L3: Nickel | M3: =E14/E13 -> 0.71217889 | N3: BGS
A4: Cobalt | B4: Refinery | C4: Canada | D4: 2023 | E4: 4923 | F4: t | G4: BGS | L4: Cobalt | M4: =E4/E3 -> 0.96548343 | N4: BGS
A5: Copper | B5: Mine | C5: Canada | D5: 2024 | E5: 515000 | F5: t | G5: USGS MCS2026 | L5: Graphite | M5: 1 | N5: Own assumption
A6: Copper | B6: Refinery | C6: Canada | D6: 2024 | E6: 324000 | F6: t | G6: USGS MCS2026 | L6: Lithium | M6: 1 | N6: Own assumption
A7: Copper | B7: Mine | C7: Canada | D7: 2023 | E7: 499791 | F7: t | G7: BGS | L7: Neodymium | M7: 1 | N7: Own assumption
A8: Copper | B8: Smelter | C8: Canada | D8: 2023 | E8: 288000 | F8: t | G8: BGS
A9: Copper | B9: Refinery | C9: Canada | D9: 2023 | E9: 314700 | F9: t | G9: BGS
A10: Graphite | B10: ? | C10: Canada | D10: 2023 | E10: 5800 | F10: t | G10: BGS
A11: Graphite (natural) | B11: Mine | C11: Canada | D11: 2024 | E11: 11.7 | F11: t | G11: USGS MCS2026
A12: Lithium | B12: Mine | C12: Canada | D12: 2024 | E12: 4.82 | F12: t | G12: USGS MCS2026
A13: Nickel | B13: Mine | C13: Canada | D13: 2023 | E13: 158668 | F13: t | G13: BGS
A14: Nickel | B14: Smelter/refinery | C14: Canada | D14: 2023 | E14: 113000 | F14: t | G14: BGS

Sheet Production_yield
A1: Z | B1: Symbol | C1: Mineral | D1: production yield | E1: comment | F1: U1 | G1: U2 | H1: U3 | I1: U4 | J1: U5 | K1: GSD^2 | L1: GSD | M1: α | N1: β | O1: uncertainty string | P1: fabrication and manufacturing yield | Q1: comment | R1: U1 | S1: U2 | T1: U3 | U1: U4 | V1: U5 | W1: GSD^2 | X1: GSD | Y1: α | Z1: β | AA1: uncertainty string | AB1: New scrap recovery | AC1: comment | AD1: U1 | AE1: U2 | AF1: U3 | AG1: U4 | AH1: U5 | AI1: GSD^2 | AJ1: GSD | AK1: α | AL1: β | AM1: uncertainty string | AN1: Remelting yield | AO1: comment | AP1: U1 | AQ1: U2 | AR1: U3 | AS1: U4 | AT1: U5 | AU1: GSD^2 | AV1: GSD | AW1: α | AX1: β | AY1: uncertainty string
A2: 47 | B2: Ag | C2: Silver | D2: 0.8425656 | E2: Value from Helbig et al. (2020), based on Johnson et al. (2005) | F2: 1 | G2: 4 | H2: 1 | I2: 2 | J2: 1 | K2: 1.1925123 | L2: 1.0920221 | M2: 51.951215 | N2: 9.7071475 | O2: 10;51.9512154283539;9.70714751948482 | P2: 0.91001698 | Q2: Value from Helbig et al. (2020), based on Johnson et al. (2005) | R2: 1 | S2: 4 | T2: 1 | U2: 2 | V2: 1 | W2: 1.1925123 | X2: 1.0920221 | Y2: 34.289382 | Z2: 3.3905545 | AA2: 10;34.2893818471338;3.39055454831733 | AB2: 1 | AC2: Value from Helbig et al. (2020), based on Johnson et al. (2005) | AD2: 1 | AE2: 4 | AF2: 1 | AG2: 2 | AH2: 1 | AI2: 1.1925123 | AJ2: 1.0920221 | AK2: -1 | AL2: 0 | AM2: 1;1 | AN2: 1 | AO2: Value from Helbig et al. (2020), based on Johnson et al. (2005) | AP2: 1 | AQ2: 4 | AR2: 1 | AS2: 2 | AT2: 1 | AU2: 1.1925123 | AV2: 1.0920221 | AW2: -1 | AX2: 0 | AY2: 1;1
A3: 13 | B3: Al | C3: Aluminum | D3: 0.87929656 | E3: Value from Helbig et al. (2020), based on Bertram et al. (2017) | F3: 1 | G3: 2 | H3: 1 | I3: 2 | J3: 1 | K3: 1.1174816 | L3: 1.05711 | M3: 113.57328 | N3: 15.590514 | O3: 10;113.573278520256;15.5905136877806 | P3: 0.59090909 | Q3: Value from Helbig et al. (2020), based on Bertram et al. (2017) | R3: 1 | S3: 2 | T3: 1 | U3: 2 | V3: 1 | W3: 1.1174816 | X3: 1.05711 | Y3: 174.59386 | Z3: 120.87267 | AA3: 10;174.593862569104;120.872674086303 | AB3: 0.94650206 | AC3: Value from Helbig et al. (2020), based on Bertram et al. (2017) | AD3: 1 | AE3: 2 | AF3: 1 | AG3: 2 | AH3: 1 | AI3: 1.1174816 | AJ3: 1.05711 | AK3: 57.831576 | AL3: 3.2687413 | AM3: 10;57.8315762843693;3.26874126824696 | AN3: 0.97 | AO3: Value from Helbig et al. (2020), based on Bertram et al. (2017) | AP3: 1 | AQ3: 2 | AR3: 1 | AS3: 2 | AT3: 1 | AU3: 1.1174816 | AV3: 1.05711 | AW3: 33.647835 | AX3: 1.0406547 | AY3: 10;33.6478349590029;1.0406546894537
A4: 33 | B4: As | C4: Arsenic | D4: 0.084343116 | E4: Calculated based an arsenic SFA for China (Shi et al., 2017). China processes most of the world's arsenic. | F4: 1 | G4: 3 | H4: 2 | I4: 2 | J4: 2 | K4: 1.1711691 | L4: 1.0822057 | M4: 3.7712263 | N4: 40.941685 | O4: 10;3.77122629323981;40.9416853238295 | P4: 0.97856554 | Q4: Calculated based an arsenic SFA for China (Shi et al., 2017). China processes most of the world's arsenic. Assumed to include the potential recovery of new scraps in the manufacture of GaAs semiconductors. | R4: 1 | S4: 3 | T4: 2 | U4: 2 | V4: 2 | W4: 1.1711691 | X4: 1.0822057 | Y4: 11.170667 | Z4: 0.24468185 | AA4: 10;45.6538461538461;1 | AB4: 0 | AC4: While the recycling of arsenic from new scraps may occur in the manufacture of GaAs semiconductors (Ciacci et al., 2015), it is here assumed to be included in the fabrication and manufacturing yield. | AD4: 1 | AE4: 1 | AF4: 1 | AG4: 1 | AH4: 1 | AI4: 1.05 | AJ4: 1.0246951 | AK4: 0 | AL4: -1 | AM4: 1;0 | AN4: 0 | AO4: No functional recycling of arsenic is estimated to occur currently (Ciacci et al., 2015; Graedel et al., 2011; USGS, 2020) | AP4: 1 | AQ4: 1 | AR4: 1 | AS4: 1 | AT4: 1 | AU4: 1.05 | AV4: 1.0246951 | AW4: 0 | AX4: -1 | AY4: 1;0
A5: 79 | B5: Au | C5: Gold | D5: 0.73259375 | E5: Best estimate based on the literature survey realized for gold. We estimated an extraction yield of 85%, concentration yield of 87.5%, and refining yield of 98.5%. See supporting information for details. | F5: 3 | G5: 1 | H5: 1 | I5: 2 | J5: 1 | K5: 1.2354523 | L5: 1.111509 | M5: 45.435081 | N5: 16.584396 | O5: 10;45.4350806497305;16.5843955602843 | P5: 0.89571687 | Q5: Calculated from US statistics (USGS, 2004a), and considering a fabrication rate of 100% for investment products. We consider these values to be reasonnable estimates for the current global yields. | R5: 3 | S5: 1 | T5: 1 | U5: 3 | V5: 1 | W5: 1.3000688 | X5: 1.1402056 | Y5: 16.129195 | Z5: 1.8778288 | AA5: 10;16.1291948710862;1.8778288493111 | AB5: 0.9 | AC5: Calculated from US statistics (USGS, 2004a), and considering a fabrication rate of 100% for investment products. We consider these values to be reasonnable estimates for the current global yields. | AD5: 3 | AE5: 1 | AF5: 1 | AG5: 3 | AH5: 1 | AI5: 1.3000688 | AJ5: 1.1402056 | AK5: 15.582167 | AL5: 1.7313519 | AM5: 10;15.582167106453;1.731351900717 | AN5: 0.97592998 | AO5: Calculated from US statistics (USGS, 2004a), and considering a fabrication rate of 100% for investment products. We consider these values to be reasonnable estimates for the current global yields. | AP5: 3 | AQ5: 1 | AR5: 1 | AS5: 3 | AT5: 1 | AU5: 1.3000688 | AV5: 1.1402056 | AW5: 3.6889782 | AX5: 0.090983766 | AY5: 10;40.5454545454546;1
A6: 5 | B6: B | C6: Boron | D6: 0.776 | E6: Estimate considering an extraction yield of 80% and refining yield of 97% (Althaus et al., 2007, Graedel et al., 2015) | F6: 3 | G6: 3 | H6: 3 | I6: 2 | J6: 1 | K6: 1.268463 | L6: 1.1262606 | M6: 33.06908 | N6: 9.5457137 | O6: 10;33.0690797489152;9.54571374195491 | P6: 0.95 | Q6: Assumption | R6: 4 | S6: 1 | T6: 1 | U6: 3 | V6: 1 | W6: 1.4707782 | X6: 1.2127564 | Y6: 3.0376015 | Z6: 0.15987376 | AA6: 10;19;1 | AB6: 0 | AC6: Assumed to be included in the fabrication and manufacturing yield, if any recovery occurs. | AD6: 1 | AE6: 1 | AF6: 1 | AG6: 1 | AH6: 1 | AI6: 1.05 | AJ6: 1.0246951 | AK6: 0 | AL6: -1 | AM6: 1;0 | AN6: 0 | AO6: No recycling of old boron scraps is considered to occur (European Commission, 2020a; Graedel et al., 2015) | AP6: 1 | AQ6: 1 | AR6: 1 | AS6: 1 | AT6: 1 | AU6: 1.05 | AV6: 1.0246951 | AW6: 0 | AX6: -1 | AY6: 1;0
A7: 56 | B7: Ba | C7: Barium | D7: 0.8 | E7: Panousi et al., 2016 | F7: 3 | G7: 2 | H7: 1 | I7: 3 | J7: 1 | K7: 1.3022281 | L7: 1.1411521 | M7: 24.897767 | N7: 6.2244418 | O7: 10;24.8977671397931;6.22444178494826 | P7: 0.95 | Q7: Assumption | R7: 3 | S7: 1 | T7: 1 | U7: 3 | V7: 1 | W7: 1.3000688 | X7: 1.1402056 | Y7: 8.2321949 | Z7: 0.43327342 | AA7: 10;19;1 | AB7: 0 | AC7: Assumed to be included in the fabrication and manufacturing yield. | AD7: 1 | AE7: 1 | AF7: 1 | AG7: 1 | AH7: 1 | AI7: 1.05 | AJ7: 1.0246951 | AK7: 0 | AL7: -1 | AM7: 1;0 | AN7: 0 | AO7: Negligible recycling is considered to occur for barium (Panousi et al., 2016) | AP7: 3 | AQ7: 1 | AR7: 1 | AS7: 1 | AT7: 1 | AU7: 1.2077232 | AV7: 1.0989646 | AW7: 0 | AX7: -1 | AY7: 1;0
A8: 4 | B8: Be | C8: Beryllium | D8: 0.87 | E8: Calculated based on US production, which represents over 50% of the global production (Lederer et al., 2016) | F8: 2 | G8: 2 | H8: 3 | I8: 3 | J8: 1 | K8: 1.2547563 | L8: 1.1201591 | M8: 26.39019 | N8: 3.9433617 | O8: 10;26.3901895778364;3.94336166105602 | P8: 0.91666667 | Q8: Calculated based on USGS static MFA for the year 2000 (Cunningham, 2004) | R8: 2 | S8: 4 | T8: 3 | U8: 1 | V8: 1 | W8: 1.21185 | X8: 1.1008406 | Y8: 26.627568 | Z8: 2.420688 | AA8: 10;26.6275683629337;2.42068803299398 | AB8: 0.857 | AC8: Calculated based on USGS static MFA for the year 2000 (Cunningham, 2004). | AD8: 2 | AE8: 4 | AF8: 3 | AG8: 1 | AH8: 1 | AI8: 1.21185 | AJ8: 1.1008406 | AK8: 40.456003 | AL8: 6.7505349 | AM8: 10;40.4560030051636;6.75053492384878 | AN8: 1 | AO8: Assumed that recovered new scraps are mostly from copper alloys and remelted with a 100% yield (BeST, 2016), and that collected old scraps are targetted specifically for their Be content. | AP8: 3 | AQ8: 1 | AR8: 1 | AS8: 3 | AT8: 1 | AU8: 1.3000688 | AV8: 1.1402056 | AW8: -1 | AX8: 0 | AY8: 1;1
A9: 83 | B9: Bi | C9: Bismuth | D9: 0.75 | E9: Estimate from Panousi et al., 2016 | F9: 3 | G9: 2 | H9: 2 | I9: 2 | J9: 1 | K9: 1.240519 | L9: 1.1137859 | M9: 42.695599 | N9: 14.231866 | O9: 10;42.6955994779466;14.2318664926489 | P9: 0.95 | Q9: Assumption, including the recovery of new scraps. | R9: 3 | S9: 1 | T9: 1 | U9: 3 | V9: 1 | W9: 1.3000688 | X9: 1.1402056 | Y9: 8.2321949 | Z9: 0.43327342 | AA9: 10;19;1 | AB9: 0 | AC9: Assumed to be included in the fabrication and manufacturing yield, if any recovery occurs. | AD9: 1 | AE9: 1 | AF9: 1 | AG9: 1 | AH9: 1 | AI9: 1.05 | AJ9: 1.0246951 | AK9: 0 | AL9: -1 | AM9: 1;0 | AN9: 0 | AO9: No EOL recycling is considered to occur (European Commission, 2020a; Panousi et al., 2016) | AP9: 1 | AQ9: 1 | AR9: 1 | AS9: 1 | AT9: 1 | AU9: 1.05 | AV9: 1.0246951 | AW9: 0 | AX9: -1 | AY9: 1;0
A10: 48 | B10: Cd | C10: Cadmium | D10: 0.76275975 | E10: Average value from US (Llewellyn, 1994) and Australian statistics (Kwonpongsagoon et al., 2007) | F10: 2 | G10: 4 | H10: 3 | I10: 2 | J10: 1 | K10: 1.2392268 | L10: 1.1132056 | M10: 42.31844 | N10: 13.162253 | O10: 10;42.3184399435594;13.1622533658747 | P10: 0.998 | Q10: Estimate based on Cha et al., 2013; Plachy, 2003 | R10: 3 | S10: 1 | T10: 1 | U10: 1 | V10: 1 | W10: 1.2077232 | X10: 1.0989646 | Y10: -0.18443681 | Z10: -0.00036961284 | AA10: 10;499;1 | AB10: 0 | AC10: Assumed to be included in the fabrication yield. | AD10: 1 | AE10: 1 | AF10: 1 | AG10: 1 | AH10: 1 | AI10: 1.05 | AJ10: 1.0246951 | AK10: 0 | AL10: -1 | AM10: 1;0 | AN10: 1 | AO10: Estimate based on the literature review. See the Supporting information for details. | AP10: 2 | AQ10: 1 | AR10: 1 | AS10: 1 | AT10: 1 | AU10: 1.1130149 | AV10: 1.0549952 | AW10: -1 | AX10: 0 | AY10: 1;1
A11: 58 | B11: Ce | C11: Cerium | D11: 0.58151301 | E11: Calculated using the grouped methodogy for REEs, detailed in section 2.4.3.1 of the Supporting information. | F11: 3 | G11: 1 | H11: 1 | I11: 3 | J11: 3 | K11: 1.3713425 | L11: 1.1710433 | M11: 18.767038 | N11: 13.505737 | O11: 10;18.7670384112497;13.5057366157051 | P11: 0.85478548 | Q11: Calculated based on the MFA of Du and Graedel, 2011 | R11: 1 | S11: 3 | T11: 1 | U11: 3 | V11: 2 | W11: 1.2456465 | X11: 1.1160854 | Y11: 30.639332 | Z11: 5.2051374 | AA11: 10;30.6393317476184;5.20513743974985 | AB11: 0 | AC11: Calculated based on the MFA of Du and Graedel, 2011 | AD11: 1 | AE11: 3 | AF11: 1 | AG11: 3 | AH11: 2 | AI11: 1.2456465 | AJ11: 1.1160854 | AK11: 0 | AL11: -1 | AM11: 1;0 | AN11: 1 | AO11: Assumption; the EOL-RR efficiency and related uncertainty is already attributed to the collection and separation step. | AP11: 1 | AQ11: 1 | AR11: 1 | AS11: 1 | AT11: 1 | AU11: 1.05 | AV11: 1.0246951 | AW11: -1 | AX11: 0 | AY11: 1;1
A12: 27 | B12: Co | C12: Cobalt | D12: 0.43934657 | E12: Value from Helbig et al. (2020), based on Harper et al. (2012) | F12: 1 | G12: 4 | H12: 1 | I12: 2 | J12: 1 | K12: 1.1925123 | L12: 1.0920221 | M12: 50.679923 | N12: 64.673028 | O12: 10;50.6799230657896;64.6730283941691 | P12: 0.94001343 | Q12: Value from Helbig et al. (2020), based on Harper et al. (2012) | R12: 1 | S12: 4 | T12: 1 | U12: 2 | V12: 1 | W12: 1.1925123 | X12: 1.0920221 | Y12: 24.097883 | Z12: 1.5377965 | AA12: 10;24.0978829490536;1.53779651908868 | AB12: 0.046833579 | AC12: Value from Helbig et al. (2020), based on Harper et al. (2012) | AD12: 1 | AE12: 4 | AF12: 1 | AG12: 2 | AH12: 1 | AI12: 1.1925123 | AJ12: 1.0920221 | AK12: 0.94071645 | AL12: 19.145651 | AM12: 10;1;20.3522012578616 | AN12: 0.30875777 | AO12: Value from Helbig et al. (2020), based on Harper et al. (2012) | AP12: 1 | AQ12: 4 | AR12: 1 | AS12: 2 | AT12: 1 | AU12: 1.1925123 | AV12: 1.0920221 | AW12: 30.818563 | AX12: 68.996132 | AY12: 10;30.8185626977511;68.9961322424396
A13: 24 | B13: Cr | C13: Chromium | D13: 0.75144509 | E13: Value from Helbig et al. (2020), based on Johnson et al. (2006) | F13: 1 | G13: 4 | H13: 1 | I13: 2 | J13: 1 | K13: 1.1925123 | L13: 1.0920221 | M13: 65.54535 | N13: 21.680385 | O13: 10;65.5453497043691;21.6803849022144 | P13: 0.73451327 | Q13: Value from Helbig et al. (2020), based on Johnson et al. (2006) | R13: 1 | S13: 4 | T13: 1 | U13: 2 | V13: 1 | W13: 1.1925123 | X13: 1.0920221 | Y13: 66.923274 | Z13: 24.189135 | AA13: 10;66.923274053289;24.189135199984 | AB13: 0.67682927 | AC13: The value from Helbig et al. (2020), based on Johnson et al. (2006), was recalculated considering that new scrap recovery losses attributed to downgraded scraps were re-allocated to remelting losses. See the supporting information for details. | AD13: 1 | AE13: 4 | AF13: 1 | AG13: 2 | AH13: 1 | AI13: 1.1925123 | AJ13: 1.0920221 | AK13: 69.253563 | AL13: 33.067017 | AM13: 10;69.253563031311;33.0670165825179 | AN13: 0.51707317 | AO13: Based on a personal communication with B.K. Reck (01-27-2022). See supporting information for details. | AP13: 3 | AQ13: 2 | AR13: 1 | AS13: 2 | AT13: 1 | AU13: 1.2379952 | AV13: 1.1126523 | AW13: 40.180175 | AX13: 37.526767 | AY13: 10;40.1801752469583;37.5267674476309
... A62: 40 | B62: Zr | C62: Zirconium | D62: 0.855 | E62: Calculated considering average losses of 10% at the concentration and refining stages (Iluka, 2020), and assuming 5% extraction losses | F62: 2 | G62: 1 | H62: 2 | I62: 2 | J62: 1 | K62: 1.1576169 | L62: 1.075926 | M62: 72.694312 | N62: 12.328275 | O62: 10;72.6943122426246;12.3282751756498 | P62: 0.95 | Q62: Assumption | R62: 3 | S62: 1 | T62: 1 | U62: 3 | V62: 1 | W62: 1.3000688 | X62: 1.1402056 | Y62: 8.2321949 | Z62: 0.43327342 | AA62: 10;19;1 | AB62: 0 | AC62: The recovery of zirconium from new scraps is estimated to be overall negligible (European Commission, 2020c). | AD62: 2 | AE62: 1 | AF62: 1 | AG62: 3 | AH62: 1 | AI62: 1.2354523 | AJ62: 1.111509 | AK62: 0 | AL62: -1 | AM62: 1;0 | AN62: 1 | AO62: Assumption that all EOL losses are due to collection and separation. The uncertainty is already taken into account for that process. | AP62: 1 | AQ62: 1 | AR62: 1 | AS62: 1 | AT62: 1 | AU62: 1.05 | AV62: 1.0246951 | AW62: -1 | AX62: 0 | AY62: 1;1
